variable,region,period,mean,std,min,p25,median,p75,max,iqr,n_samples
tas,Northern Tropics,Baseline 1961-1990,25.43,0.59,23.81,25.02,25.39,25.79,27.87,0.77,1080
tas,Northern Tropics,Recent historical 1991-2014,25.97,0.72,24.15,25.47,25.91,26.43,28.55,0.96,864
tas,Northern Tropics,Transition 2015-2030,26.77,0.83,24.91,26.2,26.69,27.27,29.45,1.08,576
tas,Northern Tropics,SSP2-4.5 2041-2070,28.1,0.97,25.83,27.37,27.99,28.72,31.4,1.35,1080
tas,Northern Tropics,SSP5-8.5 2071-2100,31.52,1.47,28.25,30.45,31.41,32.41,36.55,1.96,1080
tas,Central Amazonia,Baseline 1961-1990,25.36,0.77,22.92,24.94,25.4,25.85,28.46,0.91,1080
tas,Central Amazonia,Recent historical 1991-2014,25.93,0.88,23.12,25.4,25.91,26.39,29.92,0.99,864
tas,Central Amazonia,Transition 2015-2030,26.8,1.02,23.4,26.11,26.71,27.31,30.32,1.2,576
tas,Central Amazonia,SSP2-4.5 2041-2070,28.27,1.23,25.25,27.4,28.12,29.04,32.08,1.64,1080
tas,Central Amazonia,SSP5-8.5 2071-2100,32.05,1.84,28.21,30.75,31.84,33.2,37.8,2.45,1080
tas,Subtropical Andes,Baseline 1961-1990,20.4,2.58,13.56,18.17,20.91,22.64,24.89,4.47,1080
tas,Subtropical Andes,Recent historical 1991-2014,20.94,2.55,13.77,18.9,21.49,23.09,25.38,4.19,864
tas,Subtropical Andes,Transition 2015-2030,21.73,2.57,15.47,19.61,22.24,23.84,27.05,4.23,576
tas,Subtropical Andes,SSP2-4.5 2041-2070,23.12,2.63,15.8,20.92,23.67,25.28,28.13,4.36,1080
tas,Subtropical Andes,SSP5-8.5 2071-2100,26.96,2.92,19.4,24.88,27.28,29.04,34.14,4.16,1080
tas,Southern Cone,Baseline 1961-1990,12.28,4.47,3.3,8.15,12.35,16.62,20.12,8.47,1080
tas,Southern Cone,Recent historical 1991-2014,12.6,4.5,3.37,8.5,12.74,16.77,20.38,8.27,864
tas,Southern Cone,Transition 2015-2030,13.1,4.58,3.83,8.87,13.22,17.47,20.81,8.6,576
tas,Southern Cone,SSP2-4.5 2041-2070,14.0,4.7,4.75,9.61,14.1,18.45,22.28,8.84,1080
tas,Southern Cone,SSP5-8.5 2071-2100,16.64,5.04,6.93,11.98,16.8,21.31,26.96,9.33,1080
hurs,Northern Tropics,Baseline 1961-1990,89.13,3.38,78.14,87.06,90.26,91.73,94.19,4.67,1080
hurs,Northern Tropics,Recent historical 1991-2014,88.55,3.55,77.47,86.14,89.7,91.39,93.9,5.25,864
hurs,Northern Tropics,Transition 2015-2030,88.18,3.73,75.86,85.6,89.23,91.2,94.18,5.6,576
hurs,Northern Tropics,SSP2-4.5 2041-2070,87.11,4.17,72.79,84.29,88.07,90.46,94.51,6.17,1080
hurs,Northern Tropics,SSP5-8.5 2071-2100,84.35,4.79,70.94,81.49,85.05,88.17,93.18,6.68,1080
hurs,Central Amazonia,Baseline 1961-1990,85.45,7.62,62.89,79.27,88.18,92.12,94.37,12.85,1080
hurs,Central Amazonia,Recent historical 1991-2014,84.77,7.92,65.05,78.02,87.97,91.8,94.22,13.78,864
hurs,Central Amazonia,Transition 2015-2030,83.84,8.55,61.65,75.94,86.99,91.54,93.83,15.6,576
hurs,Central Amazonia,SSP2-4.5 2041-2070,82.22,9.44,57.82,73.2,85.13,91.01,93.98,17.82,1080
hurs,Central Amazonia,SSP5-8.5 2071-2100,78.36,11.74,52.15,67.61,81.69,88.87,93.99,21.25,1080
hurs,Subtropical Andes,Baseline 1961-1990,74.65,9.84,51.98,66.5,76.69,83.49,89.1,16.98,1080
hurs,Subtropical Andes,Recent historical 1991-2014,74.1,10.17,48.62,65.28,76.65,83.36,88.62,18.08,864
hurs,Subtropical Andes,Transition 2015-2030,73.38,10.39,50.01,64.52,75.71,82.82,88.37,18.3,576
hurs,Subtropical Andes,SSP2-4.5 2041-2070,72.17,10.82,48.06,63.08,74.18,82.29,88.01,19.22,1080
hurs,Subtropical Andes,SSP5-8.5 2071-2100,68.92,12.08,41.2,59.16,71.56,79.74,86.64,20.58,1080
hurs,Southern Cone,Baseline 1961-1990,71.76,5.44,59.71,67.0,71.93,76.22,84.51,9.23,1080
hurs,Southern Cone,Recent historical 1991-2014,71.49,5.28,59.52,67.06,71.59,75.78,84.64,8.72,864
hurs,Southern Cone,Transition 2015-2030,71.41,5.33,58.39,67.08,71.35,76.08,84.78,8.99,576
hurs,Southern Cone,SSP2-4.5 2041-2070,71.42,5.51,57.89,66.95,71.13,76.12,84.52,9.17,1080
hurs,Southern Cone,SSP5-8.5 2071-2100,71.45,6.19,56.75,66.49,71.6,76.38,84.87,9.9,1080
