subregion,period,scenario,year_start,year_end,n,spearman_r,spearman_p,spearman_lo95,spearman_hi95,pearson_r,pearson_p,pearson_lo95,pearson_hi95,kendall_tau,kendall_p
Central Amazonia,baseline,historical,1960,2014,660,-0.549554,0.0,-0.600678,-0.493954,-0.614759,0.0,-0.660106,-0.564948,-0.394215,0.0
Central Amazonia,recent,historical,1995,2014,240,-0.471164,0.0,-0.564136,-0.366395,-0.572803,0.0,-0.652131,-0.481067,-0.337308,0.0
Central Amazonia,mid_century,ssp126,2040,2069,360,-0.647708,0.0,-0.703942,-0.583404,-0.628034,0.0,-0.686812,-0.561096,-0.462953,0.0
Central Amazonia,mid_century,ssp245,2040,2069,360,-0.578014,0.0,-0.642963,-0.504812,-0.608682,0.0,-0.669898,-0.539247,-0.409161,0.0
Central Amazonia,mid_century,ssp370,2040,2069,360,-0.54659,0.0,-0.615196,-0.469769,-0.548121,0.0,-0.616552,-0.47147,-0.383442,0.0
Central Amazonia,mid_century,ssp585,2040,2069,360,-0.62253,0.0,-0.682007,-0.554872,-0.62197,0.0,-0.681519,-0.554239,-0.443547,0.0
Central Amazonia,end_century,ssp126,2070,2099,360,-0.640603,0.0,-0.697763,-0.575336,-0.617766,0.0,-0.677845,-0.549491,-0.459412,0.0
Central Amazonia,end_century,ssp245,2070,2099,360,-0.6801,0.0,-0.732004,-0.620346,-0.674767,0.0,-0.727396,-0.614245,-0.487868,0.0
Central Amazonia,end_century,ssp370,2070,2099,360,-0.634758,0.0,-0.692674,-0.56871,-0.640286,0.0,-0.697487,-0.574977,-0.458093,0.0
Central Amazonia,end_century,ssp585,2070,2099,360,-0.632708,0.0,-0.690887,-0.566386,-0.641168,0.0,-0.698255,-0.575978,-0.454968,0.0
Northern Tropics,baseline,historical,1960,2014,660,-0.472655,0.0,-0.529859,-0.411169,-0.474309,0.0,-0.53139,-0.412939,-0.33144,0.0
Northern Tropics,recent,historical,1995,2014,240,-0.494168,0.0,-0.584238,-0.392073,-0.543838,0.0,-0.627271,-0.448065,-0.342928,0.0
Northern Tropics,mid_century,ssp126,2040,2069,360,-0.570474,0.0,-0.636315,-0.496381,-0.576404,0.0,-0.641544,-0.50301,-0.402786,0.0
Northern Tropics,mid_century,ssp245,2040,2069,360,-0.409851,0.0,-0.492355,-0.320047,-0.42576,0.0,-0.506818,-0.337239,-0.279635,0.0
Northern Tropics,mid_century,ssp370,2040,2069,360,-0.553168,0.0,-0.621022,-0.477085,-0.55314,0.0,-0.620997,-0.477053,-0.383101,0.0
Northern Tropics,mid_century,ssp585,2040,2069,360,-0.551104,0.0,-0.619194,-0.474787,-0.565502,0.0,-0.631927,-0.490829,-0.38533,0.0
Northern Tropics,end_century,ssp126,2070,2099,360,-0.423522,0.0,-0.504786,-0.334817,-0.475399,0.0,-0.551654,-0.391263,-0.295915,0.0
Northern Tropics,end_century,ssp245,2070,2099,360,-0.565246,0.0,-0.631701,-0.490544,-0.590337,0.0,-0.653805,-0.518621,-0.395296,0.0
Northern Tropics,end_century,ssp370,2070,2099,360,-0.599745,0.0,-0.662065,-0.529187,-0.642138,0.0,-0.699099,-0.577078,-0.427886,0.0
Northern Tropics,end_century,ssp585,2070,2099,360,-0.549391,0.0,-0.617677,-0.472882,-0.552644,0.0,-0.620558,-0.476501,-0.381213,0.0
Southern Cone,baseline,historical,1960,2014,660,-0.198001,0.0,-0.270235,-0.123551,-0.197334,0.0,-0.269591,-0.122868,-0.130905,0.0
Southern Cone,recent,historical,1995,2014,240,-0.122037,0.059056,-0.244882,0.004665,-0.131526,0.04177,-0.253926,-0.004979,-0.083403,0.054345
Southern Cone,mid_century,ssp126,2040,2069,360,-0.17347,0.00095,-0.271956,-0.071388,-0.179694,0.000614,-0.277894,-0.077776,-0.117673,0.00086
Southern Cone,mid_century,ssp245,2040,2069,360,-0.206623,7.8e-05,-0.303503,-0.105515,-0.16778,0.001398,-0.26652,-0.065555,-0.139616,7.7e-05
Southern Cone,mid_century,ssp370,2040,2069,360,-0.122567,0.020007,-0.223102,-0.019451,-0.119014,0.023926,-0.219674,-0.015848,-0.082916,0.018854
Southern Cone,mid_century,ssp585,2040,2069,360,-0.115642,0.028244,-0.216417,-0.012429,-0.111888,0.033821,-0.212789,-0.008625,-0.079201,0.024884
Southern Cone,end_century,ssp126,2070,2099,360,-0.05025,0.34175,-0.152818,0.053389,-0.032972,0.532896,-0.135871,0.070631,-0.033705,0.339774
Southern Cone,end_century,ssp245,2070,2099,360,-0.239774,4e-06,-0.334837,-0.139879,-0.237056,5e-06,-0.332277,-0.137053,-0.161715,5e-06
Southern Cone,end_century,ssp370,2070,2099,360,-0.146251,0.005432,-0.245895,-0.043547,-0.177846,0.0007,-0.276131,-0.075879,-0.097926,0.005545
Southern Cone,end_century,ssp585,2070,2099,360,-0.195509,0.000189,-0.292951,-0.094048,-0.208755,6.6e-05,-0.305525,-0.107718,-0.13061,0.000216
Subtropical Andes,baseline,historical,1960,2014,660,-0.331198,0.0,-0.397469,-0.261491,-0.403764,0.0,-0.465729,-0.337858,-0.225576,0.0
Subtropical Andes,recent,historical,1995,2014,240,-0.355412,0.0,-0.461281,-0.239563,-0.415796,0.0,-0.515294,-0.305237,-0.241144,0.0
Subtropical Andes,mid_century,ssp126,2040,2069,360,-0.461609,0.0,-0.539242,-0.376197,-0.546849,0.0,-0.615425,-0.470056,-0.322067,0.0
Subtropical Andes,mid_century,ssp245,2040,2069,360,-0.413817,0.0,-0.495965,-0.324327,-0.417889,0.0,-0.499668,-0.328726,-0.276695,0.0
Subtropical Andes,mid_century,ssp370,2040,2069,360,-0.403594,0.0,-0.486654,-0.313302,-0.458976,0.0,-0.536869,-0.373325,-0.277778,0.0
Subtropical Andes,mid_century,ssp585,2040,2069,360,-0.472935,0.0,-0.549439,-0.388568,-0.517159,0.0,-0.589034,-0.437165,-0.325874,0.0
Subtropical Andes,end_century,ssp126,2070,2099,360,-0.493097,0.0,-0.567533,-0.410666,-0.498754,0.0,-0.572597,-0.416883,-0.339988,0.0
Subtropical Andes,end_century,ssp245,2070,2099,360,-0.494192,0.0,-0.568514,-0.411869,-0.54932,0.0,-0.617614,-0.472803,-0.344042,0.0
Subtropical Andes,end_century,ssp370,2070,2099,360,-0.513455,0.0,-0.585731,-0.433077,-0.523298,0.0,-0.594504,-0.443949,-0.358682,0.0
Subtropical Andes,end_century,ssp585,2070,2099,360,-0.514577,0.0,-0.586732,-0.434315,-0.561313,0.0,-0.628226,-0.486157,-0.360229,0.0
