variable,subregion,scenario,window,year_start,year_end,n_obs,mk_orig_tau,mk_orig_p,mk_hr_tau,mk_hr_p,mk_yw_tau,mk_yw_p,sen_slope_per_year,sen_slope_per_decade,sen_slope_lo95_per_decade,sen_slope_hi95_per_decade,intercept,lag1_autocorr,significant_005
hurs,Central Amazonia,historical,historical_1950_2014,1950,2014,65,-0.432692,0.0,-0.432692,0.0,-0.432692,0.0,-0.019462,-0.194625,-2.554437,2.420617,0.8123,0.324924,True
hurs,Central Amazonia,ssp126,projected_2015_2100,2015,2100,86,-0.357592,1e-06,-0.357592,0.00178,-0.357592,0.0,-0.013211,-0.132113,-2.089775,1.9263,-1.12537,0.504386,True
hurs,Central Amazonia,ssp245,projected_2015_2100,2015,2100,86,-0.687004,0.0,-0.687004,0.0,-0.687004,0.0,-0.030434,-0.304345,-2.38266,1.400067,-1.055884,0.807484,True
hurs,Central Amazonia,ssp370,projected_2015_2100,2015,2100,86,-0.785226,0.0,-0.785226,0.0,-0.785226,0.0,-0.051061,-0.510609,-2.540411,1.542117,-0.799413,0.881597,True
hurs,Central Amazonia,ssp585,projected_2015_2100,2015,2100,86,-0.824897,0.0,-0.824897,0.0,-0.824897,0.0,-0.072707,-0.727068,-3.12268,1.571723,-0.330512,0.918414,True
hurs,Central Amazonia,ssp126,full_1950_2100,1950,2100,151,-0.669757,0.0,-0.669757,0.0,-0.669757,0.0,-0.021956,-0.21956,-1.369903,1.047857,0.6267,0.825668,True
hurs,Central Amazonia,ssp245,full_1950_2100,1950,2100,151,-0.773422,0.0,-0.773422,0.0,-0.773422,0.0,-0.029989,-0.299887,-1.445873,0.95,0.911855,0.903298,True
hurs,Central Amazonia,ssp370,full_1950_2100,1950,2100,151,-0.816071,0.0,-0.816071,0.0,-0.816071,0.0,-0.040788,-0.407881,-1.60365,0.842996,1.676207,0.935866,True
hurs,Central Amazonia,ssp585,full_1950_2100,1950,2100,151,-0.830287,0.0,-0.830287,2e-06,-0.830287,0.0,-0.051737,-0.517374,-1.903696,0.80895,2.309303,0.953739,True
hurs,Northern Tropics,historical,historical_1950_2014,1950,2014,65,-0.208173,0.014455,-0.208173,0.048904,-0.208173,0.001064,-0.007037,-0.070369,-1.979944,1.725535,0.24668,0.463552,True
hurs,Northern Tropics,ssp126,projected_2015_2100,2015,2100,86,-0.233926,0.001446,-0.233926,0.001446,-0.233926,0.0,-0.005679,-0.056787,-1.63831,1.492154,-0.599757,0.150777,True
hurs,Northern Tropics,ssp245,projected_2015_2100,2015,2100,86,-0.446238,0.0,-0.446238,0.0,-0.446238,0.0,-0.014504,-0.14504,-1.905296,1.754906,-0.58868,0.391355,True
hurs,Northern Tropics,ssp370,projected_2015_2100,2015,2100,86,-0.71026,0.0,-0.71026,0.0,-0.71026,0.0,-0.038189,-0.381893,-2.36994,1.654523,-0.031655,0.839306,True
hurs,Northern Tropics,ssp585,projected_2015_2100,2015,2100,86,-0.808482,0.0,-0.808482,0.0,-0.808482,0.0,-0.0447,-0.447,-2.09795,1.37665,-0.36,0.887554,True
hurs,Northern Tropics,ssp126,full_1950_2100,1950,2100,151,-0.54181,0.0,-0.54181,0.0,-0.54181,0.0,-0.009669,-0.096688,-1.005593,0.899713,0.277756,0.659171,True
hurs,Northern Tropics,ssp245,full_1950_2100,1950,2100,151,-0.638057,0.0,-0.638057,0.0,-0.638057,0.0,-0.015216,-0.152162,-1.145271,0.944525,0.454518,0.772482,True
hurs,Northern Tropics,ssp370,full_1950_2100,1950,2100,151,-0.735099,0.0,-0.735099,0.0,-0.735099,0.0,-0.025803,-0.258032,-1.31333,0.853827,1.211538,0.913888,True
hurs,Northern Tropics,ssp585,full_1950_2100,1950,2100,151,-0.78128,0.0,-0.78128,8e-06,-0.78128,0.0,-0.032257,-0.322574,-1.303779,0.768617,1.523603,0.942771,True
hurs,South America (continental),historical,historical_1950_2014,1950,2014,65,-0.491346,0.0,-0.491346,2e-05,-0.491346,0.0,-0.01288,-0.1288,-1.349122,0.976725,0.524261,0.704639,True
hurs,South America (continental),ssp126,projected_2015_2100,2015,2100,86,-0.202462,0.005845,-0.202462,0.119868,-0.202462,0.011625,-0.003982,-0.039818,-1.13083,0.988067,-0.869223,0.35682,False
hurs,South America (continental),ssp245,projected_2015_2100,2015,2100,86,-0.597811,0.0,-0.597811,0.0,-0.597811,0.0,-0.015861,-0.158612,-1.276196,1.137475,-0.791248,0.633284,True
hurs,South America (continental),ssp370,projected_2015_2100,2015,2100,86,-0.803557,0.0,-0.803557,0.0,-0.803557,0.0,-0.032761,-0.327607,-1.5126,0.75564,-0.467672,0.923329,True
hurs,South America (continental),ssp585,projected_2015_2100,2015,2100,86,-0.816689,0.0,-0.816689,0.0,-0.816689,0.0,-0.044508,-0.445077,-2.06695,1.131117,-0.549723,0.921231,True
hurs,South America (continental),ssp126,full_1950_2100,1950,2100,151,-0.630817,0.0,-0.630817,1.2e-05,-0.630817,0.0,-0.012434,-0.124337,-0.727475,0.571948,0.264225,0.874454,True
hurs,South America (continental),ssp245,full_1950_2100,1950,2100,151,-0.769183,0.0,-0.769183,0.0,-0.769183,0.0,-0.018733,-0.187333,-0.79628,0.56165,0.4895,0.910044,True
hurs,South America (continental),ssp370,full_1950_2100,1950,2100,151,-0.835762,0.0,-0.835762,0.0,-0.835762,0.0,-0.026193,-0.261931,-0.940538,0.419693,1.101879,0.966646,True
hurs,South America (continental),ssp585,full_1950_2100,1950,2100,151,-0.843532,0.0,-0.843532,1e-06,-0.843532,0.0,-0.033392,-0.333921,-1.14318,0.4778,1.498206,0.968204,True
hurs,Southern Cone,historical,historical_1950_2014,1950,2014,65,-0.145192,0.088367,-0.145192,0.073679,-0.145192,0.001328,-0.006619,-0.066192,-2.752735,3.143819,0.128013,0.23784,False
hurs,Southern Cone,ssp126,projected_2015_2100,2015,2100,86,0.122845,0.094727,0.122845,0.094727,0.122845,0.001137,0.004153,0.041526,-1.944733,2.19579,-0.382937,0.057586,False
hurs,Southern Cone,ssp245,projected_2015_2100,2015,2100,86,-0.175376,0.016982,-0.175376,0.006534,-0.175376,0.0,-0.005211,-0.052111,-2.086071,2.043117,-0.153778,-0.164258,True
hurs,Southern Cone,ssp370,projected_2015_2100,2015,2100,86,-0.005746,0.940535,-0.005746,0.940535,-0.005746,0.887314,-0.000271,-0.002714,-2.367476,2.46866,-0.384664,0.266603,False
hurs,Southern Cone,ssp585,projected_2015_2100,2015,2100,86,-0.181943,0.013263,-0.181943,0.001062,-0.181943,0.0,-0.006272,-0.062725,-2.697921,2.492969,-0.322869,0.031635,True
hurs,Southern Cone,ssp126,full_1950_2100,1950,2100,151,-0.053068,0.33437,-0.053068,0.369946,-0.053068,0.19063,-0.001037,-0.010365,-1.303214,1.322627,-0.055262,0.159258,False
hurs,Southern Cone,ssp245,full_1950_2100,1950,2100,151,-0.2634,2e-06,-0.2634,6e-06,-0.2634,0.0,-0.004929,-0.049286,-1.3324,1.292116,0.140643,0.148071,True
hurs,Southern Cone,ssp370,full_1950_2100,1950,2100,151,-0.192583,0.000452,-0.192583,0.001458,-0.192583,0.0,-0.003927,-0.039267,-1.50275,1.405267,0.086,0.319242,True
hurs,Southern Cone,ssp585,full_1950_2100,1950,2100,151,-0.327682,0.0,-0.327682,1e-06,-0.327682,0.0,-0.007031,-0.070306,-1.572618,1.350375,0.206694,0.268395,True
hurs,Subtropical Andes,historical,historical_1950_2014,1950,2014,65,-0.3375,7.2e-05,-0.3375,0.0,-0.3375,0.0,-0.016386,-0.163857,-3.51645,2.720862,0.632543,0.307676,True
hurs,Subtropical Andes,ssp126,projected_2015_2100,2015,2100,86,-0.11409,0.120754,-0.11409,0.314253,-0.11409,0.129757,-0.003943,-0.039429,-2.35313,2.31415,-1.397829,0.264569,False
hurs,Subtropical Andes,ssp245,projected_2015_2100,2015,2100,86,-0.340629,3e-06,-0.340629,0.0,-0.340629,0.0,-0.014407,-0.144071,-2.5689,2.301483,-1.331796,0.296879,True
hurs,Subtropical Andes,ssp370,projected_2015_2100,2015,2100,86,-0.608482,0.0,-0.608482,0.0,-0.608482,0.0,-0.029389,-0.293889,-2.841483,2.224417,-0.907922,0.672199,True
hurs,Subtropical Andes,ssp585,projected_2015_2100,2015,2100,86,-0.696306,0.0,-0.696306,0.0,-0.696306,0.0,-0.04422,-0.4422,-2.94928,2.229217,-1.0931,0.780326,True
hurs,Subtropical Andes,ssp126,full_1950_2100,1950,2100,151,-0.541369,0.0,-0.541369,4e-06,-0.541369,0.0,-0.017371,-0.173713,-1.601733,1.288271,0.433847,0.71108,True
hurs,Subtropical Andes,ssp245,full_1950_2100,1950,2100,151,-0.642384,0.0,-0.642384,0.0,-0.642384,0.0,-0.023742,-0.237424,-1.626518,1.28335,0.552982,0.781319,True
hurs,Subtropical Andes,ssp370,full_1950_2100,1950,2100,151,-0.734481,0.0,-0.734481,0.0,-0.734481,0.0,-0.0288,-0.288,-1.853892,1.226547,0.9922,0.857529,True
hurs,Subtropical Andes,ssp585,full_1950_2100,1950,2100,151,-0.765121,0.0,-0.765121,0.0,-0.765121,0.0,-0.039161,-0.391608,-1.893586,1.346957,1.447757,0.90147,True
tas,Central Amazonia,historical,historical_1950_2014,1950,2014,65,0.615385,0.0,0.615385,0.000296,0.615385,0.0,0.017778,0.177782,-0.77,1.186225,-0.750502,0.832477,True
tas,Central Amazonia,ssp126,projected_2015_2100,2015,2100,86,0.456908,0.0,0.456908,0.001168,0.456908,1e-06,0.010524,0.105235,-0.783808,1.14765,1.24585,0.674761,True
tas,Central Amazonia,ssp245,projected_2015_2100,2015,2100,86,0.813406,0.0,0.813406,0.0,0.813406,0.0,0.029909,0.299088,-0.614,1.25255,0.887675,0.923619,True
tas,Central Amazonia,ssp370,projected_2015_2100,2015,2100,86,0.892202,0.0,0.892202,0.0,0.892202,0.0,0.051475,0.51475,-0.573975,1.533663,0.458062,0.963709,True
tas,Central Amazonia,ssp585,projected_2015_2100,2015,2100,86,0.904788,0.0,0.904788,0.0,0.904788,0.0,0.068985,0.689847,-0.556362,1.921625,0.110699,0.9754,True
tas,Central Amazonia,ssp126,full_1950_2100,1950,2100,151,0.74702,0.0,0.74702,1e-06,0.74702,0.0,0.020138,0.201375,-0.435109,0.777879,-0.398412,0.951652,True
tas,Central Amazonia,ssp245,full_1950_2100,1950,2100,151,0.862075,0.0,0.862075,0.0,0.862075,0.0,0.028258,0.28258,-0.351888,0.821733,-0.994947,0.974798,True
tas,Central Amazonia,ssp370,full_1950_2100,1950,2100,151,0.887152,0.0,0.887152,6e-06,0.887152,0.0,0.0382,0.382,-0.28682,1.003964,-1.7531,0.983281,True
tas,Central Amazonia,ssp585,full_1950_2100,1950,2100,151,0.890684,0.0,0.890684,5.2e-05,0.890684,0.0,0.046062,0.46062,-0.261892,1.255223,-2.347448,0.9874,True
tas,Northern Tropics,historical,historical_1950_2014,1950,2014,65,0.606731,0.0,0.606731,5.8e-05,0.606731,0.0,0.015582,0.155818,-0.780444,1.109308,-0.643918,0.827276,True
tas,Northern Tropics,ssp126,projected_2015_2100,2015,2100,86,0.489466,0.0,0.489466,0.000332,0.489466,0.0,0.009603,0.096029,-0.697767,1.05829,1.225029,0.706421,True
tas,Northern Tropics,ssp245,projected_2015_2100,2015,2100,86,0.832558,0.0,0.832558,0.0,0.832558,0.0,0.028996,0.28996,-0.64335,1.131,0.77107,0.931174,True
tas,Northern Tropics,ssp370,projected_2015_2100,2015,2100,86,0.897127,0.0,0.897127,0.0,0.897127,0.0,0.047717,0.477167,-0.466254,1.416308,0.557642,0.968547,True
tas,Northern Tropics,ssp585,projected_2015_2100,2015,2100,86,0.917373,0.0,0.917373,0.0,0.917373,0.0,0.065082,0.650821,-0.378613,1.74052,0.039413,0.979341,True
tas,Northern Tropics,ssp126,full_1950_2100,1950,2100,151,0.758764,0.0,0.758764,3e-06,0.758764,0.0,0.018962,0.189615,-0.40157,0.68882,-0.265115,0.960484,True
tas,Northern Tropics,ssp245,full_1950_2100,1950,2100,151,0.868256,0.0,0.868256,0.0,0.868256,0.0,0.026556,0.265558,-0.3179,0.746311,-0.931983,0.976727,True
tas,Northern Tropics,ssp370,full_1950_2100,1950,2100,151,0.890508,0.0,0.890508,7e-06,0.890508,0.0,0.036278,0.362781,-0.234875,0.887258,-1.626156,0.985956,True
tas,Northern Tropics,ssp585,full_1950_2100,1950,2100,151,0.896336,0.0,0.896336,6.3e-05,0.896336,0.0,0.042575,0.425754,-0.220855,1.160454,-2.121558,0.989233,True
tas,South America (continental),historical,historical_1950_2014,1950,2014,65,0.667308,0.0,0.667308,0.000154,0.667308,0.0,0.015551,0.155507,-0.52657,0.821631,-0.644923,0.883007,True
tas,South America (continental),ssp126,projected_2015_2100,2015,2100,86,0.547469,0.0,0.547469,0.001212,0.547469,0.0,0.00976,0.0976,-0.584575,0.76499,1.12695,0.792156,True
tas,South America (continental),ssp245,projected_2015_2100,2015,2100,86,0.874419,0.0,0.874419,0.0,0.874419,0.0,0.02798,0.2798,-0.375958,0.894475,0.7601,0.963929,True
tas,South America (continental),ssp370,projected_2015_2100,2015,2100,86,0.912996,0.0,0.912996,0.0,0.912996,0.0,0.04495,0.4495,-0.22344,1.140752,0.463825,0.975734,True
tas,South America (continental),ssp585,projected_2015_2100,2015,2100,86,0.935978,0.0,0.935978,0.0,0.935978,0.0,0.06299,0.629905,-0.125575,1.426092,0.094055,0.98917,True
tas,South America (continental),ssp126,full_1950_2100,1950,2100,151,0.789139,0.0,0.789139,4e-06,0.789139,0.0,0.018276,0.18276,-0.276837,0.56444,-0.3457,0.972875,True
tas,South America (continental),ssp245,full_1950_2100,1950,2100,151,0.894481,0.0,0.894481,0.0,0.894481,0.0,0.025775,0.25775,-0.175742,0.60366,-0.918625,0.98725,True
tas,South America (continental),ssp370,full_1950_2100,1950,2100,151,0.909227,0.0,0.909227,1.2e-05,0.909227,0.0,0.034728,0.347275,-0.14555,0.775421,-1.593963,0.989794,True
tas,South America (continental),ssp585,full_1950_2100,1950,2100,151,0.914172,0.0,0.914172,7.3e-05,0.914172,0.0,0.041226,0.412261,-0.128758,0.98698,-2.093257,0.994076,True
tas,Southern Cone,historical,historical_1950_2014,1950,2014,65,0.600962,0.0,0.600962,1e-06,0.600962,0.0,0.010379,0.103787,-0.555754,0.754521,-0.417719,0.746671,True
tas,Southern Cone,ssp126,projected_2015_2100,2015,2100,86,0.562517,0.0,0.562517,1e-06,0.562517,0.0,0.007517,0.075167,-0.50845,0.6359,0.833692,0.645827,True
tas,Southern Cone,ssp245,projected_2015_2100,2015,2100,86,0.863201,0.0,0.863201,0.0,0.863201,0.0,0.021649,0.216491,-0.33025,0.74855,0.515262,0.938857,True
tas,Southern Cone,ssp370,projected_2015_2100,2015,2100,86,0.939261,0.0,0.939261,0.0,0.939261,0.0,0.034735,0.347354,-0.072671,0.802925,0.356294,0.989436,True
tas,Southern Cone,ssp585,projected_2015_2100,2015,2100,86,0.91026,0.0,0.91026,0.0,0.91026,0.0,0.046586,0.465855,-0.236163,1.245771,-0.050085,0.97171,True
tas,Southern Cone,ssp126,full_1950_2100,1950,2100,151,0.785519,0.0,0.785519,0.0,0.785519,0.0,0.013571,0.135714,-0.258532,0.47598,-0.200957,0.955988,True
tas,Southern Cone,ssp245,full_1950_2100,1950,2100,151,0.881148,0.0,0.881148,0.0,0.881148,0.0,0.019053,0.190526,-0.19548,0.504365,-0.719947,0.976206,True
tas,Southern Cone,ssp370,full_1950_2100,1950,2100,151,0.907108,0.0,0.907108,2.7e-05,0.907108,0.0,0.027579,0.275787,-0.109386,0.595988,-1.1829,0.99235,True
tas,Southern Cone,ssp585,full_1950_2100,1950,2100,151,0.895453,0.0,0.895453,6.5e-05,0.895453,0.0,0.029393,0.293932,-0.15682,0.819025,-1.415489,0.985442,True
tas,Subtropical Andes,historical,historical_1950_2014,1950,2014,65,0.693269,0.0,0.693269,1e-06,0.693269,0.0,0.01615,0.161496,-0.596254,0.97965,-0.681088,0.842444,True
tas,Subtropical Andes,ssp126,projected_2015_2100,2015,2100,86,0.423256,0.0,0.423256,0.018734,0.423256,0.000245,0.008548,0.085477,-0.62565,0.82879,1.270223,0.767116,True
tas,Subtropical Andes,ssp245,projected_2015_2100,2015,2100,86,0.867579,0.0,0.867579,0.0,0.867579,0.0,0.029735,0.297346,-0.473813,0.974367,0.845679,0.953387,True
tas,Subtropical Andes,ssp370,projected_2015_2100,2015,2100,86,0.894118,0.0,0.894118,0.0,0.894118,0.0,0.048047,0.480468,-0.39645,1.371417,0.521412,0.975148,True
tas,Subtropical Andes,ssp585,projected_2015_2100,2015,2100,86,0.935978,0.0,0.935978,1e-06,0.935978,0.0,0.0666,0.666,-0.126007,1.466692,0.1793,0.989298,True
tas,Subtropical Andes,ssp126,full_1950_2100,1950,2100,151,0.75223,0.0,0.75223,1.7e-05,0.75223,0.0,0.018907,0.189071,-0.347677,0.610425,-0.309936,0.966999,True
tas,Subtropical Andes,ssp245,full_1950_2100,1950,2100,151,0.896336,0.0,0.896336,0.0,0.896336,0.0,0.027932,0.279324,-0.200461,0.673306,-0.968526,0.983879,True
tas,Subtropical Andes,ssp370,full_1950_2100,1950,2100,151,0.904724,0.0,0.904724,7e-06,0.904724,0.0,0.036504,0.365043,-0.173267,0.86271,-1.641621,0.988588,True
tas,Subtropical Andes,ssp585,full_1950_2100,1950,2100,151,0.920177,0.0,0.920177,5.1e-05,0.920177,0.0,0.044726,0.447263,-0.107468,1.061805,-2.173074,0.993725,True
