region,period,scenario,r,slope,n
Northern Tropics,1960-1980,historical,-0.4438,-2.5829,756
Northern Tropics,1990-2014,historical,-0.4654,-2.2579,900
Northern Tropics,2040-2060 (SSP2-4.5),ssp245,-0.4306,-1.8313,756
Northern Tropics,2080-2100 (SSP5-8.5),ssp585,-0.3,-1.0472,756
Central Amazonia,1960-1980,historical,0.0204,0.2012,756
Central Amazonia,1990-2014,historical,-0.1288,-1.155,900
Central Amazonia,2040-2060 (SSP2-4.5),ssp245,-0.2438,-1.8353,756
Central Amazonia,2080-2100 (SSP5-8.5),ssp585,-0.4362,-2.9665,756
Subtropical Andes,1960-1980,historical,0.6152,2.317,756
Subtropical Andes,1990-2014,historical,0.6213,2.4883,900
Subtropical Andes,2040-2060 (SSP2-4.5),ssp245,0.5182,2.1497,756
Subtropical Andes,2080-2100 (SSP5-8.5),ssp585,0.2794,1.1943,756
Southern Cone,1960-1980,historical,-0.7984,-0.9643,756
Southern Cone,1990-2014,historical,-0.7542,-0.8902,900
Southern Cone,2040-2060 (SSP2-4.5),ssp245,-0.7487,-0.8807,756
Southern Cone,2080-2100 (SSP5-8.5),ssp585,-0.7271,-0.9114,756
