model,scenario,variable,year,n_time,n_lat,n_lon,nan_pct,data_min,data_max,data_mean,data_std,out_of_range
ACCESS-CM2,historical,tas,1950,365,276,192,51.26,253.5,310.62,294.85,7.47,0
ACCESS-CM2,historical,tas,1980,366,276,192,51.26,248.43,314.7,294.95,7.82,0
ACCESS-CM2,historical,tas,2014,365,276,192,51.26,256.58,311.23,295.47,7.57,0
ACCESS-CM2,historical,hurs,1950,365,276,192,51.26,-21.85,130.16,81.03,16.56,594
ACCESS-CM2,historical,hurs,1980,366,276,192,51.26,5.6,103.96,79.28,17.81,140
ACCESS-CM2,historical,hurs,2014,365,276,192,51.26,6.16,106.84,80.2,16.86,161
ACCESS-CM2,ssp126,tas,2015,365,276,192,51.26,249.86,315.44,296.18,7.83,0
ACCESS-CM2,ssp126,tas,2050,365,276,192,51.26,256.08,312.55,296.62,7.67,0
ACCESS-CM2,ssp126,tas,2100,365,276,192,51.26,260.15,316.41,297.76,8.01,0
ACCESS-CM2,ssp126,hurs,2015,365,276,192,51.26,2.64,115.61,78.96,17.5,272
ACCESS-CM2,ssp126,hurs,2050,365,276,192,51.26,-29.92,108.93,78.79,18.09,186
ACCESS-CM2,ssp126,hurs,2100,365,276,192,51.26,-19.52,130.13,77.5,18.38,292
ACCESS-CM2,ssp245,tas,2015,365,276,192,51.26,256.61,314.03,296.1,7.86,0
ACCESS-CM2,ssp245,tas,2050,365,276,192,51.26,252.71,316.61,297.14,7.83,0
ACCESS-CM2,ssp245,tas,2100,365,276,192,51.26,259.27,316.91,298.39,8.15,0
ACCESS-CM2,ssp245,hurs,2015,365,276,192,51.26,-6.97,129.57,79.57,17.34,657
ACCESS-CM2,ssp245,hurs,2050,365,276,192,51.26,-6.7,108.94,77.74,18.2,328
ACCESS-CM2,ssp245,hurs,2100,365,276,192,51.26,2.82,130.31,77.37,17.8,141
ACCESS-CM2,ssp370,tas,2015,365,276,192,51.26,253.56,312.06,295.85,7.98,0
ACCESS-CM2,ssp370,tas,2050,365,276,192,51.26,259.75,315.2,297.32,7.91,0
ACCESS-CM2,ssp370,tas,2100,365,276,192,51.26,258.2,317.83,300.62,8.47,0
ACCESS-CM2,ssp370,hurs,2015,365,276,192,51.26,-1.18,110.7,79.32,17.05,264
ACCESS-CM2,ssp370,hurs,2050,365,276,192,51.26,-5.18,116.55,78.05,17.73,346
ACCESS-CM2,ssp370,hurs,2100,365,276,192,51.26,-9.79,107.62,75.54,18.19,352
ACCESS-CM2,ssp585,tas,2015,365,276,192,51.26,253.29,312.65,295.99,7.72,0
ACCESS-CM2,ssp585,tas,2050,365,276,192,51.26,256.9,320.08,297.9,8.16,0
ACCESS-CM2,ssp585,tas,2100,365,276,192,51.26,262.05,325.92,302.31,8.73,0
ACCESS-CM2,ssp585,hurs,2015,365,276,192,51.26,5.74,121.73,79.8,17.11,449
ACCESS-CM2,ssp585,hurs,2050,365,276,192,51.26,-27.9,130.12,76.4,18.87,758
ACCESS-CM2,ssp585,hurs,2100,365,276,192,51.26,-22.75,106.05,74.24,18.87,3992
CanESM5,historical,tas,1950,365,276,192,51.26,256.78,309.4,294.75,7.37,0
CanESM5,historical,tas,1980,365,276,192,51.26,250.55,311.14,294.91,7.51,0
CanESM5,historical,tas,2014,365,276,192,51.26,255.98,315.0,296.31,7.87,0
CanESM5,historical,hurs,1950,365,276,192,51.26,1.32,105.47,80.34,17.54,448
CanESM5,historical,hurs,1980,365,276,192,51.26,6.43,110.21,81.39,16.42,540
CanESM5,historical,hurs,2014,365,276,192,51.26,5.87,105.56,78.24,18.32,317
CanESM5,ssp126,tas,2015,365,276,192,51.26,254.89,310.67,296.06,7.65,0
CanESM5,ssp126,tas,2050,365,276,192,51.26,254.35,313.38,297.24,7.91,0
CanESM5,ssp126,tas,2100,365,276,192,51.26,255.8,314.41,297.94,8.1,0
CanESM5,ssp126,hurs,2015,365,276,192,51.26,-12.53,129.65,79.14,18.2,810
CanESM5,ssp126,hurs,2050,365,276,192,51.26,-6.49,106.87,77.44,18.22,379
CanESM5,ssp126,hurs,2100,365,276,192,51.26,-5.33,117.16,77.16,17.8,1756
CanESM5,ssp245,tas,2015,365,276,192,51.26,254.67,310.49,295.83,7.59,0
CanESM5,ssp245,tas,2050,365,276,192,51.26,255.11,313.51,297.31,7.87,0
CanESM5,ssp245,tas,2100,365,276,192,51.26,257.36,316.28,299.52,8.56,0
CanESM5,ssp245,hurs,2015,365,276,192,51.26,6.31,107.09,80.37,16.77,645
CanESM5,ssp245,hurs,2050,365,276,192,51.26,-9.71,105.26,78.6,17.31,363
CanESM5,ssp245,hurs,2100,365,276,192,51.26,0.2,107.33,75.67,18.22,148
CanESM5,ssp370,tas,2015,365,276,192,51.26,252.82,311.04,296.24,7.51,0
CanESM5,ssp370,tas,2050,365,276,192,51.26,255.76,318.0,299.45,8.47,0
CanESM5,ssp370,tas,2100,365,276,192,51.26,261.3,318.61,301.58,8.17,0
CanESM5,ssp370,hurs,2015,365,276,192,51.26,-4.5,146.3,79.82,17.46,1850
CanESM5,ssp370,hurs,2050,365,276,192,51.26,-13.26,122.21,75.91,18.24,1814
CanESM5,ssp370,hurs,2100,365,276,192,51.26,7.76,109.12,76.03,18.43,349
CanESM5,ssp585,tas,2015,365,276,192,51.26,254.29,312.64,296.03,7.7,0
CanESM5,ssp585,tas,2050,365,276,192,51.26,254.64,314.3,298.18,8.01,0
CanESM5,ssp585,tas,2100,365,276,192,51.26,258.99,321.07,303.64,8.65,0
CanESM5,ssp585,hurs,2015,365,276,192,51.26,-16.16,105.05,79.07,17.74,566
CanESM5,ssp585,hurs,2050,365,276,192,51.26,6.89,107.65,77.06,17.85,567
CanESM5,ssp585,hurs,2100,365,276,192,51.26,-11.74,126.15,72.5,20.47,2257
CESM2,historical,tas,1950,365,276,192,51.26,255.5,308.06,294.0,7.66,0
CESM2,historical,tas,1980,365,276,192,51.26,255.25,307.83,294.68,7.83,0
CESM2,historical,tas,2014,365,276,192,51.26,254.73,309.06,295.14,7.54,0
CESM2,historical,hurs,1950,365,276,192,51.26,1.43,128.61,81.12,16.57,4700
CESM2,historical,hurs,1980,365,276,192,51.26,2.27,102.07,79.08,18.14,3
CESM2,historical,hurs,2014,365,276,192,51.26,7.66,103.1,79.86,17.78,29
CESM2,ssp126,tas,2015,365,276,192,51.26,255.26,307.57,295.02,7.52,0
CESM2,ssp126,tas,2050,365,276,192,51.26,249.63,309.32,296.19,7.82,0
CESM2,ssp126,tas,2100,365,276,192,51.26,255.13,311.76,296.53,7.76,0
CESM2,ssp126,hurs,2015,365,276,192,51.26,3.36,122.11,79.46,17.77,376
CESM2,ssp126,hurs,2050,365,276,192,51.26,3.12,123.03,78.79,17.84,302
CESM2,ssp126,hurs,2100,365,276,192,51.26,3.89,127.67,78.7,17.98,1823
CESM2,ssp245,tas,2015,365,276,192,51.26,253.84,307.58,295.15,7.62,0
CESM2,ssp245,tas,2050,365,276,192,51.26,254.57,310.18,296.33,7.69,0
CESM2,ssp245,tas,2100,365,276,192,51.26,256.69,311.87,298.14,7.75,0
CESM2,ssp245,hurs,2015,365,276,192,51.26,7.94,122.57,79.5,17.77,326
CESM2,ssp245,hurs,2050,365,276,192,51.26,3.22,151.54,79.1,18.1,695
CESM2,ssp245,hurs,2100,365,276,192,51.26,6.07,145.79,80.93,16.23,7610
CESM2,ssp370,tas,2015,365,276,192,51.26,254.17,308.86,295.15,7.59,0
CESM2,ssp370,tas,2050,365,276,192,51.26,252.42,310.93,296.76,7.91,0
CESM2,ssp370,tas,2100,365,276,192,51.26,259.13,313.4,298.87,7.95,0
CESM2,ssp370,hurs,2015,365,276,192,51.26,4.54,105.85,79.18,17.91,28
CESM2,ssp370,hurs,2050,365,276,192,51.26,-11.69,131.38,78.78,17.84,653
CESM2,ssp370,hurs,2100,365,276,192,51.26,-12.89,137.12,79.64,16.99,4867
CESM2,ssp585,tas,2015,365,276,192,51.26,252.27,308.49,295.0,7.54,0
CESM2,ssp585,tas,2050,365,276,192,51.26,259.29,311.07,297.12,7.65,0
CESM2,ssp585,tas,2100,365,276,192,51.26,261.85,315.66,301.08,7.98,0
CESM2,ssp585,hurs,2015,365,276,192,51.26,6.98,105.67,79.77,17.55,30
CESM2,ssp585,hurs,2050,365,276,192,51.26,-8.39,115.58,78.07,17.89,330
CESM2,ssp585,hurs,2100,365,276,192,51.26,-21.61,127.09,77.01,19.4,4347
EC-Earth3,historical,tas,1950,365,276,192,51.26,246.22,310.38,294.65,7.34,0
EC-Earth3,historical,tas,1980,366,276,192,51.26,250.18,309.68,294.76,7.55,0
EC-Earth3,historical,tas,2014,365,276,192,51.26,248.85,320.37,295.94,7.74,0
EC-Earth3,historical,hurs,1950,365,276,192,51.26,-26.78,121.5,80.35,17.54,556
EC-Earth3,historical,hurs,1980,366,276,192,51.26,2.62,102.23,81.39,16.23,1
EC-Earth3,historical,hurs,2014,365,276,192,51.26,2.89,102.35,79.49,17.63,6
EC-Earth3,ssp126,tas,2015,365,276,192,51.26,247.01,313.88,295.87,7.62,0
EC-Earth3,ssp126,tas,2050,365,276,192,51.26,253.97,316.52,297.36,8.05,0
EC-Earth3,ssp126,tas,2100,365,276,192,51.26,250.46,320.74,297.22,7.97,0
EC-Earth3,ssp126,hurs,2015,365,276,192,51.26,-4.42,134.9,80.11,17.47,262
EC-Earth3,ssp126,hurs,2050,365,276,192,51.26,-19.84,131.62,79.81,17.96,743
EC-Earth3,ssp126,hurs,2100,365,276,192,51.26,-22.66,135.2,78.74,18.38,704
EC-Earth3,ssp245,tas,2015,365,276,192,51.26,249.58,314.67,296.06,7.79,0
EC-Earth3,ssp245,tas,2050,365,276,192,51.26,253.41,319.89,297.58,8.22,0
EC-Earth3,ssp245,tas,2100,365,276,192,51.26,253.69,314.92,297.68,7.79,0
EC-Earth3,ssp245,hurs,2015,365,276,192,51.26,0.87,111.66,79.34,17.7,49
EC-Earth3,ssp245,hurs,2050,365,276,192,51.26,-36.59,145.73,78.42,18.6,1007
EC-Earth3,ssp245,hurs,2100,365,276,192,51.26,-11.42,127.88,79.08,18.44,256
EC-Earth3,ssp370,tas,2015,365,276,192,51.26,250.72,311.38,295.73,7.66,0
EC-Earth3,ssp370,tas,2050,365,276,192,51.26,250.07,318.03,296.9,7.69,0
EC-Earth3,ssp370,tas,2100,365,276,192,51.26,251.93,318.09,299.21,7.79,0
EC-Earth3,ssp370,hurs,2015,365,276,192,51.26,-3.76,144.39,80.22,16.96,481
EC-Earth3,ssp370,hurs,2050,365,276,192,51.26,-20.74,129.76,78.13,19.41,879
EC-Earth3,ssp370,hurs,2100,365,276,192,51.26,0.97,144.11,79.02,18.75,376
EC-Earth3,ssp585,tas,2015,365,276,192,51.26,252.19,312.63,296.13,7.78,0
EC-Earth3,ssp585,tas,2050,365,276,192,51.26,253.4,316.72,297.59,7.81,0
EC-Earth3,ssp585,tas,2100,365,276,192,51.26,252.62,323.31,300.83,8.24,0
EC-Earth3,ssp585,hurs,2015,365,276,192,51.26,-39.44,145.7,78.7,18.33,359
EC-Earth3,ssp585,hurs,2050,365,276,192,51.26,-22.75,115.32,78.44,18.79,265
EC-Earth3,ssp585,hurs,2100,365,276,192,51.26,-20.78,120.09,77.87,20.14,1923
GFDL-ESM4,historical,tas,1950,365,276,192,51.26,250.92,312.46,294.88,7.67,0
GFDL-ESM4,historical,tas,1980,365,276,192,51.26,254.59,312.04,294.75,7.34,0
GFDL-ESM4,historical,tas,2014,365,276,192,51.26,256.63,314.85,295.54,7.65,0
GFDL-ESM4,historical,hurs,1950,365,276,192,51.26,1.45,129.38,80.91,16.92,648
GFDL-ESM4,historical,hurs,1980,365,276,192,51.26,1.02,104.17,80.59,17.88,124
GFDL-ESM4,historical,hurs,2014,365,276,192,51.26,2.38,105.34,79.78,17.94,278
GFDL-ESM4,ssp126,tas,2015,365,276,192,51.26,252.35,310.95,295.54,7.41,0
GFDL-ESM4,ssp126,tas,2050,365,276,192,51.26,255.28,314.67,296.45,7.69,0
GFDL-ESM4,ssp126,tas,2100,365,276,192,51.26,253.69,313.22,296.4,7.81,0
GFDL-ESM4,ssp126,hurs,2015,365,276,192,51.26,-12.28,117.97,79.89,17.87,630
GFDL-ESM4,ssp126,hurs,2050,365,276,192,51.26,0.45,144.0,77.91,18.52,437
GFDL-ESM4,ssp126,hurs,2100,365,276,192,51.26,-7.57,112.09,78.4,17.86,258
GFDL-ESM4,ssp245,tas,2015,365,276,192,51.26,251.96,311.21,295.52,7.52,0
GFDL-ESM4,ssp245,tas,2050,365,276,192,51.26,251.53,315.36,296.36,7.81,0
GFDL-ESM4,ssp245,tas,2100,365,276,192,51.26,253.71,315.74,297.41,7.81,0
GFDL-ESM4,ssp245,hurs,2015,365,276,192,51.26,1.87,119.6,79.72,17.78,707
GFDL-ESM4,ssp245,hurs,2050,365,276,192,51.26,3.17,125.42,78.43,18.41,246
GFDL-ESM4,ssp245,hurs,2100,365,276,192,51.26,6.62,110.59,78.55,17.15,301
GFDL-ESM4,ssp370,tas,2015,365,276,192,51.26,252.02,312.79,295.56,7.41,0
GFDL-ESM4,ssp370,tas,2050,365,276,192,51.26,254.3,316.28,296.84,7.62,0
GFDL-ESM4,ssp370,tas,2100,365,276,192,51.26,252.03,318.42,299.26,8.27,0
GFDL-ESM4,ssp370,hurs,2015,365,276,192,51.26,4.03,132.78,79.36,18.36,1030
GFDL-ESM4,ssp370,hurs,2050,365,276,192,51.26,4.5,126.71,77.29,18.57,827
GFDL-ESM4,ssp370,hurs,2100,365,276,192,51.26,-0.52,128.38,75.15,18.89,207
GFDL-ESM4,ssp585,tas,2015,365,276,192,51.26,251.35,314.22,295.43,7.47,0
GFDL-ESM4,ssp585,tas,2050,365,276,192,51.26,253.72,316.42,296.57,7.61,0
GFDL-ESM4,ssp585,tas,2100,365,276,192,51.26,254.84,318.62,299.84,8.25,0
GFDL-ESM4,ssp585,hurs,2015,365,276,192,51.26,1.28,108.05,79.94,17.52,276
GFDL-ESM4,ssp585,hurs,2050,365,276,192,51.26,5.44,135.14,78.27,17.78,599
GFDL-ESM4,ssp585,hurs,2100,365,276,192,51.26,9.71,137.09,76.97,17.09,819
IPSL-CM6A-LR,historical,tas,1950,365,276,192,51.26,255.84,310.37,294.01,7.16,0
IPSL-CM6A-LR,historical,tas,1980,366,276,192,51.26,253.92,315.52,295.41,7.49,0
IPSL-CM6A-LR,historical,tas,2014,365,276,192,51.26,255.27,313.96,295.6,7.86,0
IPSL-CM6A-LR,historical,hurs,1950,365,276,192,51.26,4.85,113.89,81.11,16.71,447
IPSL-CM6A-LR,historical,hurs,1980,366,276,192,51.26,4.88,104.3,80.21,16.86,279
IPSL-CM6A-LR,historical,hurs,2014,365,276,192,51.26,6.28,106.36,78.63,18.45,191
IPSL-CM6A-LR,ssp126,tas,2015,365,276,192,51.26,252.32,313.29,295.4,7.5,0
IPSL-CM6A-LR,ssp126,tas,2050,365,276,192,51.26,256.67,314.16,297.26,7.72,0
IPSL-CM6A-LR,ssp126,tas,2100,365,276,192,51.26,257.44,315.72,296.97,7.44,0
IPSL-CM6A-LR,ssp126,hurs,2015,365,276,192,51.26,-13.96,104.61,78.7,18.02,145
IPSL-CM6A-LR,ssp126,hurs,2050,365,276,192,51.26,-13.17,122.74,78.63,17.61,293
IPSL-CM6A-LR,ssp126,hurs,2100,365,276,192,51.26,5.82,104.66,79.09,17.46,243
IPSL-CM6A-LR,ssp245,tas,2015,365,276,192,51.26,256.37,312.21,295.24,7.23,0
IPSL-CM6A-LR,ssp245,tas,2050,365,276,192,51.26,258.17,313.26,296.99,7.74,0
IPSL-CM6A-LR,ssp245,tas,2100,365,276,192,51.26,261.8,319.13,298.88,7.94,0
IPSL-CM6A-LR,ssp245,hurs,2015,365,276,192,51.26,6.21,116.56,79.75,17.85,374
IPSL-CM6A-LR,ssp245,hurs,2050,365,276,192,51.26,-12.74,104.5,78.31,17.39,188
IPSL-CM6A-LR,ssp245,hurs,2100,365,276,192,51.26,-10.09,104.01,77.14,17.95,61
IPSL-CM6A-LR,ssp370,tas,2015,365,276,192,51.26,254.15,311.93,295.55,7.24,0
IPSL-CM6A-LR,ssp370,tas,2050,365,276,192,51.26,252.65,314.51,297.58,7.76,0
IPSL-CM6A-LR,ssp370,tas,2100,365,276,192,51.26,260.61,320.61,300.94,8.41,0
IPSL-CM6A-LR,ssp370,hurs,2015,365,276,192,51.26,5.42,117.43,79.12,17.72,339
IPSL-CM6A-LR,ssp370,hurs,2050,365,276,192,51.26,5.4,104.21,78.72,17.4,95
IPSL-CM6A-LR,ssp370,hurs,2100,365,276,192,51.26,-16.8,102.64,74.61,17.84,176
IPSL-CM6A-LR,ssp585,tas,2015,365,276,192,51.26,254.51,309.59,295.42,7.4,0
IPSL-CM6A-LR,ssp585,tas,2050,365,276,192,51.26,256.97,312.79,297.1,7.79,0
IPSL-CM6A-LR,ssp585,tas,2100,365,276,192,51.26,260.61,320.33,301.53,8.41,0
IPSL-CM6A-LR,ssp585,hurs,2015,365,276,192,51.26,-8.1,125.32,80.85,16.97,1564
IPSL-CM6A-LR,ssp585,hurs,2050,365,276,192,51.26,6.9,113.14,77.7,17.91,285
IPSL-CM6A-LR,ssp585,hurs,2100,365,276,192,51.26,1.05,110.14,74.77,18.03,232
MIROC6,historical,tas,1950,365,276,192,51.26,256.94,308.56,295.02,7.47,0
MIROC6,historical,tas,1980,366,276,192,51.26,256.9,310.37,294.79,7.31,0
MIROC6,historical,tas,2014,365,276,192,51.26,257.62,313.3,295.86,7.5,0
MIROC6,historical,hurs,1950,365,276,192,51.26,3.6,128.19,80.18,17.2,459
MIROC6,historical,hurs,1980,366,276,192,51.26,2.09,105.38,79.95,17.78,429
MIROC6,historical,hurs,2014,365,276,192,51.26,5.28,105.26,79.54,18.14,187
MIROC6,ssp126,tas,2015,365,276,192,51.26,255.47,311.33,295.22,7.52,0
MIROC6,ssp126,tas,2050,365,276,192,51.26,249.13,314.67,296.68,7.94,0
MIROC6,ssp126,tas,2100,365,276,192,51.26,250.73,309.83,295.89,7.38,0
MIROC6,ssp126,hurs,2015,365,276,192,51.26,-16.01,148.5,80.76,18.66,31862
MIROC6,ssp126,hurs,2050,365,276,192,51.26,6.09,130.7,79.43,16.81,579
MIROC6,ssp126,hurs,2100,365,276,192,51.26,-1.82,116.45,79.66,18.21,756
MIROC6,ssp245,tas,2015,365,276,192,51.26,254.48,309.62,295.03,7.32,0
MIROC6,ssp245,tas,2050,365,276,192,51.26,255.56,311.52,295.88,7.46,0
MIROC6,ssp245,tas,2100,365,276,192,51.26,255.91,318.19,297.52,8.23,0
MIROC6,ssp245,hurs,2015,365,276,192,51.26,1.94,125.51,80.42,17.89,1842
MIROC6,ssp245,hurs,2050,365,276,192,51.26,3.94,140.49,79.79,17.97,801
MIROC6,ssp245,hurs,2100,365,276,192,51.26,6.47,121.86,80.11,16.44,1149
MIROC6,ssp370,tas,2015,365,276,192,51.26,254.76,308.21,295.01,7.31,0
MIROC6,ssp370,tas,2050,365,276,192,51.26,256.87,312.13,296.89,7.53,0
MIROC6,ssp370,tas,2100,365,276,192,51.26,260.43,315.82,298.88,8.22,0
MIROC6,ssp370,hurs,2015,365,276,192,51.26,2.04,121.46,80.93,17.17,1053
MIROC6,ssp370,hurs,2050,365,276,192,51.26,3.02,111.74,78.35,18.1,129
MIROC6,ssp370,hurs,2100,365,276,192,51.26,-22.76,125.4,79.0,17.63,742
MIROC6,ssp585,tas,2015,365,276,192,51.26,258.06,309.56,295.06,7.31,0
MIROC6,ssp585,tas,2050,365,276,192,51.26,256.72,317.99,297.66,8.33,0
MIROC6,ssp585,tas,2100,365,276,192,51.26,257.83,316.64,299.38,7.92,0
MIROC6,ssp585,hurs,2015,365,276,192,51.26,-0.84,145.02,80.15,17.86,1294
MIROC6,ssp585,hurs,2050,365,276,192,51.26,-26.26,113.2,77.58,18.8,6780
MIROC6,ssp585,hurs,2100,365,276,192,51.26,3.04,134.06,76.92,18.57,2060
MPI-ESM1-2-HR,historical,tas,1950,365,276,192,51.26,251.94,312.33,294.8,7.56,0
MPI-ESM1-2-HR,historical,tas,1980,366,276,192,51.26,255.47,313.98,295.33,7.6,0
MPI-ESM1-2-HR,historical,tas,2014,365,276,192,51.26,254.05,316.58,296.06,7.71,0
MPI-ESM1-2-HR,historical,hurs,1950,365,276,192,51.26,2.27,138.35,79.89,18.17,820
MPI-ESM1-2-HR,historical,hurs,1980,366,276,192,51.26,1.72,104.47,81.21,17.05,99
MPI-ESM1-2-HR,historical,hurs,2014,365,276,192,51.26,3.27,102.3,79.24,17.92,6
MPI-ESM1-2-HR,ssp126,tas,2015,365,276,192,51.26,252.55,313.4,295.29,7.6,0
MPI-ESM1-2-HR,ssp126,tas,2050,365,276,192,51.26,254.03,311.8,296.13,7.78,0
MPI-ESM1-2-HR,ssp126,tas,2100,365,276,192,51.26,256.31,311.38,295.94,7.64,0
MPI-ESM1-2-HR,ssp126,hurs,2015,365,276,192,51.26,0.85,130.18,79.15,18.61,1231
MPI-ESM1-2-HR,ssp126,hurs,2050,365,276,192,51.26,-3.03,125.07,79.28,17.6,559
MPI-ESM1-2-HR,ssp126,hurs,2100,365,276,192,51.26,-8.59,129.69,79.95,17.38,403
MPI-ESM1-2-HR,ssp245,tas,2015,365,276,192,51.26,254.24,312.74,295.21,7.35,0
MPI-ESM1-2-HR,ssp245,tas,2050,365,276,192,51.26,255.31,314.75,296.36,7.59,0
MPI-ESM1-2-HR,ssp245,tas,2100,365,276,192,51.26,254.51,314.41,296.87,7.68,0
MPI-ESM1-2-HR,ssp245,hurs,2015,365,276,192,51.26,2.67,119.49,80.05,17.55,404
MPI-ESM1-2-HR,ssp245,hurs,2050,365,276,192,51.26,1.7,111.02,78.82,18.19,253
MPI-ESM1-2-HR,ssp245,hurs,2100,365,276,192,51.26,0.11,120.11,79.46,17.71,624
MPI-ESM1-2-HR,ssp370,tas,2015,365,276,192,51.26,250.21,311.21,295.36,7.29,0
MPI-ESM1-2-HR,ssp370,tas,2050,365,276,192,51.26,251.18,313.58,296.72,7.68,0
MPI-ESM1-2-HR,ssp370,tas,2100,365,276,192,51.26,257.81,324.51,299.1,8.05,0
MPI-ESM1-2-HR,ssp370,hurs,2015,365,276,192,51.26,-7.92,133.0,80.23,17.45,989
MPI-ESM1-2-HR,ssp370,hurs,2050,365,276,192,51.26,2.56,116.23,78.72,18.29,495
MPI-ESM1-2-HR,ssp370,hurs,2100,365,276,192,51.26,-13.52,131.48,76.54,18.88,548
MPI-ESM1-2-HR,ssp585,tas,2015,365,276,192,51.26,255.32,310.84,295.03,7.53,0
MPI-ESM1-2-HR,ssp585,tas,2050,365,276,192,51.26,251.24,317.42,296.97,7.75,0
MPI-ESM1-2-HR,ssp585,tas,2100,365,276,192,51.26,257.52,316.16,299.11,7.84,0
MPI-ESM1-2-HR,ssp585,hurs,2015,365,276,192,51.26,1.4,129.62,81.02,16.76,1739
MPI-ESM1-2-HR,ssp585,hurs,2050,365,276,192,51.26,3.08,138.79,78.73,17.46,523
MPI-ESM1-2-HR,ssp585,hurs,2100,365,276,192,51.26,-8.78,118.26,77.48,18.55,588
