model,scenario,variable,expected,found,missing,completeness_pct
ACCESS-CM2,historical,tas,65,65,0,100.0
ACCESS-CM2,historical,hurs,65,65,0,100.0
ACCESS-CM2,ssp126,tas,86,86,0,100.0
ACCESS-CM2,ssp126,hurs,86,86,0,100.0
ACCESS-CM2,ssp245,tas,86,86,0,100.0
ACCESS-CM2,ssp245,hurs,86,86,0,100.0
ACCESS-CM2,ssp370,tas,86,86,0,100.0
ACCESS-CM2,ssp370,hurs,86,86,0,100.0
ACCESS-CM2,ssp585,tas,86,86,0,100.0
ACCESS-CM2,ssp585,hurs,86,86,0,100.0
CanESM5,historical,tas,65,65,0,100.0
CanESM5,historical,hurs,65,65,0,100.0
CanESM5,ssp126,tas,86,86,0,100.0
CanESM5,ssp126,hurs,86,86,0,100.0
CanESM5,ssp245,tas,86,86,0,100.0
CanESM5,ssp245,hurs,86,86,0,100.0
CanESM5,ssp370,tas,86,86,0,100.0
CanESM5,ssp370,hurs,86,86,0,100.0
CanESM5,ssp585,tas,86,86,0,100.0
CanESM5,ssp585,hurs,86,86,0,100.0
CESM2,historical,tas,65,65,0,100.0
CESM2,historical,hurs,65,65,0,100.0
CESM2,ssp126,tas,86,86,0,100.0
CESM2,ssp126,hurs,86,86,0,100.0
CESM2,ssp245,tas,86,86,0,100.0
CESM2,ssp245,hurs,86,86,0,100.0
CESM2,ssp370,tas,86,86,0,100.0
CESM2,ssp370,hurs,86,86,0,100.0
CESM2,ssp585,tas,86,86,0,100.0
CESM2,ssp585,hurs,86,86,0,100.0
EC-Earth3,historical,tas,65,65,0,100.0
EC-Earth3,historical,hurs,65,65,0,100.0
EC-Earth3,ssp126,tas,86,86,0,100.0
EC-Earth3,ssp126,hurs,86,86,0,100.0
EC-Earth3,ssp245,tas,86,86,0,100.0
EC-Earth3,ssp245,hurs,86,86,0,100.0
EC-Earth3,ssp370,tas,86,86,0,100.0
EC-Earth3,ssp370,hurs,86,86,0,100.0
EC-Earth3,ssp585,tas,86,86,0,100.0
EC-Earth3,ssp585,hurs,86,86,0,100.0
GFDL-ESM4,historical,tas,65,65,0,100.0
GFDL-ESM4,historical,hurs,65,65,0,100.0
GFDL-ESM4,ssp126,tas,86,86,0,100.0
GFDL-ESM4,ssp126,hurs,86,86,0,100.0
GFDL-ESM4,ssp245,tas,86,86,0,100.0
GFDL-ESM4,ssp245,hurs,86,86,0,100.0
GFDL-ESM4,ssp370,tas,86,86,0,100.0
GFDL-ESM4,ssp370,hurs,86,86,0,100.0
GFDL-ESM4,ssp585,tas,86,86,0,100.0
GFDL-ESM4,ssp585,hurs,86,86,0,100.0
IPSL-CM6A-LR,historical,tas,65,65,0,100.0
IPSL-CM6A-LR,historical,hurs,65,65,0,100.0
IPSL-CM6A-LR,ssp126,tas,86,86,0,100.0
IPSL-CM6A-LR,ssp126,hurs,86,86,0,100.0
IPSL-CM6A-LR,ssp245,tas,86,86,0,100.0
IPSL-CM6A-LR,ssp245,hurs,86,86,0,100.0
IPSL-CM6A-LR,ssp370,tas,86,86,0,100.0
IPSL-CM6A-LR,ssp370,hurs,86,86,0,100.0
IPSL-CM6A-LR,ssp585,tas,86,86,0,100.0
IPSL-CM6A-LR,ssp585,hurs,86,86,0,100.0
MIROC6,historical,tas,65,65,0,100.0
MIROC6,historical,hurs,65,65,0,100.0
MIROC6,ssp126,tas,86,86,0,100.0
MIROC6,ssp126,hurs,86,86,0,100.0
MIROC6,ssp245,tas,86,86,0,100.0
MIROC6,ssp245,hurs,86,86,0,100.0
MIROC6,ssp370,tas,86,86,0,100.0
MIROC6,ssp370,hurs,86,86,0,100.0
MIROC6,ssp585,tas,86,86,0,100.0
MIROC6,ssp585,hurs,86,86,0,100.0
MPI-ESM1-2-HR,historical,tas,65,65,0,100.0
MPI-ESM1-2-HR,historical,hurs,65,65,0,100.0
MPI-ESM1-2-HR,ssp126,tas,86,86,0,100.0
MPI-ESM1-2-HR,ssp126,hurs,86,86,0,100.0
MPI-ESM1-2-HR,ssp245,tas,86,86,0,100.0
MPI-ESM1-2-HR,ssp245,hurs,86,86,0,100.0
MPI-ESM1-2-HR,ssp370,tas,86,86,0,100.0
MPI-ESM1-2-HR,ssp370,hurs,86,86,0,100.0
MPI-ESM1-2-HR,ssp585,tas,86,86,0,100.0
MPI-ESM1-2-HR,ssp585,hurs,86,86,0,100.0
