variable,subregion,horizon,year_start,year_end,I_mean,M_mean,S_mean,T_mean,F_I_mean,F_M_mean,F_S_mean,signal_mean
hurs,Central Amazonia,2020s,2020,2029,1.255103,0.186411,0.013268,1.454782,0.863439,0.127568,0.008993,-0.883856
hurs,Central Amazonia,2050s,2050,2059,1.255103,0.909015,0.46147,2.625588,0.481242,0.345019,0.17374,-2.20723
hurs,Central Amazonia,2090s,2090,2099,1.255103,2.578772,3.676572,7.510448,0.167649,0.343838,0.488513,-3.781419
hurs,Northern Tropics,2020s,2020,2029,0.840213,0.164258,0.011004,1.015475,0.827929,0.161347,0.010725,-0.47582
hurs,Northern Tropics,2050s,2050,2059,0.840213,0.591071,0.302064,1.733348,0.487546,0.340068,0.172385,-1.276564
hurs,Northern Tropics,2090s,2090,2099,0.840213,1.858533,2.355222,5.053968,0.16699,0.367798,0.465211,-2.4049
hurs,South America (continental),2020s,2020,2029,0.378697,0.03968,0.009515,0.427893,0.885811,0.092206,0.021983,-0.569187
hurs,South America (continental),2050s,2050,2059,0.378697,0.3173,0.205973,0.901971,0.424539,0.349629,0.225833,-1.367098
hurs,South America (continental),2090s,2090,2099,0.378697,1.402724,1.719682,3.501103,0.108873,0.401023,0.490105,-2.189996
hurs,Southern Cone,2020s,2020,2029,1.489067,0.134784,0.002928,1.62678,0.915444,0.082757,0.001799,-0.033985
hurs,Southern Cone,2050s,2050,2059,1.489067,0.447323,0.008239,1.94463,0.766156,0.229619,0.004225,-0.151469
hurs,Southern Cone,2090s,2090,2099,1.489067,1.148797,0.188383,2.826248,0.528072,0.405965,0.065962,-0.023068
hurs,Subtropical Andes,2020s,2020,2029,1.753946,0.164871,0.018872,1.937689,0.905565,0.084758,0.009677,-0.883084
hurs,Subtropical Andes,2050s,2050,2059,1.753946,1.107712,0.267296,3.128954,0.563465,0.351859,0.084676,-1.833125
hurs,Subtropical Andes,2090s,2090,2099,1.753946,5.222809,2.123842,9.100596,0.193767,0.573552,0.232682,-2.550597
tas,Central Amazonia,2020s,2020,2029,0.21606,0.055854,0.001425,0.27334,0.792608,0.202358,0.005034,0.673782
tas,Central Amazonia,2050s,2050,2059,0.21606,0.328785,0.226801,0.771647,0.28514,0.426911,0.287949,1.870357
tas,Central Amazonia,2090s,2090,2099,0.21606,1.006632,3.666798,4.889491,0.044806,0.207497,0.747698,3.514861
tas,Northern Tropics,2020s,2020,2029,0.156663,0.051936,0.002991,0.21159,0.74285,0.243216,0.013933,0.661271
tas,Northern Tropics,2050s,2050,2059,0.156663,0.251684,0.191256,0.599602,0.266095,0.421326,0.312579,1.781417
tas,Northern Tropics,2090s,2090,2099,0.156663,0.748153,3.082568,3.987384,0.039881,0.189004,0.771116,3.286142
tas,South America (continental),2020s,2020,2029,0.084196,0.032659,0.002305,0.11916,0.710672,0.270325,0.019002,0.640916
tas,South America (continental),2050s,2050,2059,0.084196,0.214654,0.175656,0.474506,0.182346,0.454989,0.362665,1.720499
tas,South America (continental),2090s,2090,2099,0.084196,0.795862,2.894463,3.774521,0.022655,0.212328,0.765018,3.170855
tas,Southern Cone,2020s,2020,2029,0.079654,0.019037,0.006551,0.105241,0.75849,0.179417,0.062094,0.502938
tas,Southern Cone,2050s,2050,2059,0.079654,0.121839,0.094165,0.295657,0.275182,0.41247,0.312348,1.327624
tas,Southern Cone,2090s,2090,2099,0.079654,0.480774,1.599106,2.159533,0.037451,0.224195,0.738354,2.44737
tas,Subtropical Andes,2020s,2020,2029,0.13885,0.033609,0.001596,0.174056,0.800283,0.190868,0.008849,0.725678
tas,Subtropical Andes,2050s,2050,2059,0.13885,0.24197,0.220686,0.601506,0.236924,0.403445,0.35963,1.902607
tas,Subtropical Andes,2090s,2090,2099,0.13885,1.159705,3.503372,4.801927,0.029377,0.242535,0.728088,3.435046
