model,subregion,period,scenario,year_start,year_end,n,spearman_r,spearman_p,spearman_lo95,spearman_hi95,pearson_r,pearson_p,pearson_lo95,pearson_hi95,kendall_tau,kendall_p
ACCESS-CM2,Central Amazonia,baseline,historical,1960,2014,660,-0.506007,0.0,-0.560672,-0.44695,-0.497199,0.0,-0.55255,-0.437482,-0.358982,0.0
ACCESS-CM2,Central Amazonia,recent,historical,1995,2014,240,-0.337975,0.0,-0.445537,-0.220795,-0.367687,0.0,-0.472326,-0.252829,-0.238114,0.0
ACCESS-CM2,Central Amazonia,mid_century,ssp126,2040,2069,360,-0.45042,0.0,-0.529146,-0.364004,-0.4718,0.0,-0.548417,-0.387326,-0.320644,0.0
ACCESS-CM2,Central Amazonia,mid_century,ssp245,2040,2069,360,-0.512979,0.0,-0.585307,-0.432552,-0.494043,0.0,-0.56838,-0.411705,-0.36286,0.0
ACCESS-CM2,Central Amazonia,mid_century,ssp370,2040,2069,360,-0.537478,0.0,-0.607112,-0.459652,-0.54234,0.0,-0.611427,-0.465047,-0.380563,0.0
ACCESS-CM2,Central Amazonia,mid_century,ssp585,2040,2069,360,-0.51462,0.0,-0.586771,-0.434363,-0.511884,0.0,-0.584329,-0.431344,-0.362612,0.0
ACCESS-CM2,Central Amazonia,end_century,ssp126,2070,2099,360,-0.430934,0.0,-0.511512,-0.342843,-0.417343,0.0,-0.499172,-0.328136,-0.298855,0.0
ACCESS-CM2,Central Amazonia,end_century,ssp245,2070,2099,360,-0.576616,0.0,-0.641731,-0.503248,-0.55968,0.0,-0.626783,-0.484337,-0.411854,0.0
ACCESS-CM2,Central Amazonia,end_century,ssp370,2070,2099,360,-0.406833,0.0,-0.489606,-0.316792,-0.424925,0.0,-0.50606,-0.336336,-0.283442,0.0
ACCESS-CM2,Central Amazonia,end_century,ssp585,2070,2099,360,-0.420915,0.0,-0.502418,-0.331997,-0.442003,0.0,-0.521538,-0.354853,-0.291953,0.0
ACCESS-CM2,Northern Tropics,baseline,historical,1960,2014,660,-0.641179,0.0,-0.684024,-0.593924,-0.674588,0.0,-0.714139,-0.630743,-0.463925,0.0
ACCESS-CM2,Northern Tropics,recent,historical,1995,2014,240,-0.555202,0.0,-0.637045,-0.460982,-0.610644,0.0,-0.684356,-0.524578,-0.391562,0.0
ACCESS-CM2,Northern Tropics,mid_century,ssp126,2040,2069,360,-0.563279,0.0,-0.629963,-0.488349,-0.585447,0.0,-0.649506,-0.513137,-0.398793,0.0
ACCESS-CM2,Northern Tropics,mid_century,ssp245,2040,2069,360,-0.586357,0.0,-0.650305,-0.514156,-0.635133,0.0,-0.693001,-0.569134,-0.420056,0.0
ACCESS-CM2,Northern Tropics,mid_century,ssp370,2040,2069,360,-0.639457,0.0,-0.696766,-0.574036,-0.673274,0.0,-0.726106,-0.61254,-0.463943,0.0
ACCESS-CM2,Northern Tropics,mid_century,ssp585,2040,2069,360,-0.661174,0.0,-0.71563,-0.59873,-0.67656,0.0,-0.728947,-0.616296,-0.486537,0.0
ACCESS-CM2,Northern Tropics,end_century,ssp126,2070,2099,360,-0.662512,0.0,-0.716789,-0.600254,-0.724666,0.0,-0.770328,-0.67161,-0.494212,0.0
ACCESS-CM2,Northern Tropics,end_century,ssp245,2070,2099,360,-0.654647,0.0,-0.709968,-0.591295,-0.651506,0.0,-0.707241,-0.587722,-0.477859,0.0
ACCESS-CM2,Northern Tropics,end_century,ssp370,2070,2099,360,-0.60339,0.0,-0.665262,-0.533289,-0.624324,0.0,-0.683574,-0.556899,-0.432362,0.0
ACCESS-CM2,Northern Tropics,end_century,ssp585,2070,2099,360,-0.526606,0.0,-0.597448,-0.447608,-0.531167,0.0,-0.601505,-0.452658,-0.369978,0.0
ACCESS-CM2,Southern Cone,baseline,historical,1960,2014,660,-0.157911,4.6e-05,-0.231439,-0.08259,-0.150763,0.000101,-0.224497,-0.075313,-0.106107,4.5e-05
ACCESS-CM2,Southern Cone,recent,historical,1995,2014,240,-0.112195,0.082826,-0.235479,0.014643,-0.115512,0.074075,-0.238651,0.011283,-0.074407,0.086062
ACCESS-CM2,Southern Cone,mid_century,ssp126,2040,2069,360,-0.149259,0.004539,-0.248782,-0.046616,-0.164705,0.001715,-0.263579,-0.062405,-0.102105,0.003829
ACCESS-CM2,Southern Cone,mid_century,ssp245,2040,2069,360,-0.254403,1e-06,-0.348598,-0.15512,-0.24725,2e-06,-0.341875,-0.147662,-0.171,1e-06
ACCESS-CM2,Southern Cone,mid_century,ssp370,2040,2069,360,-0.18991,0.00029,-0.287626,-0.088281,-0.20805,7e-05,-0.304856,-0.106989,-0.125193,0.000391
ACCESS-CM2,Southern Cone,mid_century,ssp585,2040,2069,360,-0.082372,0.118735,-0.184165,0.021171,-0.100611,0.056499,-0.201874,0.00278,-0.054968,0.11951
ACCESS-CM2,Southern Cone,end_century,ssp126,2070,2099,360,-0.156109,0.002979,-0.255351,-0.053612,-0.153466,0.003512,-0.252818,-0.050912,-0.104828,0.002987
ACCESS-CM2,Southern Cone,end_century,ssp245,2070,2099,360,-0.173957,0.000918,-0.27242,-0.071887,-0.177414,0.000721,-0.27572,-0.075435,-0.115011,0.001124
ACCESS-CM2,Southern Cone,end_century,ssp370,2070,2099,360,-0.326523,0.0,-0.41585,-0.230956,-0.327389,0.0,-0.416651,-0.231873,-0.220475,0.0
ACCESS-CM2,Southern Cone,end_century,ssp585,2070,2099,360,-0.144003,0.006199,-0.243737,-0.041256,-0.143862,0.006251,-0.243601,-0.041111,-0.093764,0.007916
ACCESS-CM2,Subtropical Andes,baseline,historical,1960,2014,660,-0.267538,0.0,-0.336975,-0.195207,-0.288867,0.0,-0.357307,-0.217342,-0.182526,0.0
ACCESS-CM2,Subtropical Andes,recent,historical,1995,2014,240,-0.322891,0.0,-0.431863,-0.204628,-0.368046,0.0,-0.472648,-0.253218,-0.222873,0.0
ACCESS-CM2,Subtropical Andes,mid_century,ssp126,2040,2069,360,-0.286614,0.0,-0.378755,-0.188846,-0.351042,0.0,-0.438494,-0.257006,-0.194539,0.0
ACCESS-CM2,Subtropical Andes,mid_century,ssp245,2040,2069,360,-0.324083,0.0,-0.41359,-0.228371,-0.368866,0.0,-0.454884,-0.276028,-0.222518,0.0
ACCESS-CM2,Subtropical Andes,mid_century,ssp370,2040,2069,360,-0.411141,0.0,-0.493529,-0.321439,-0.468236,0.0,-0.545211,-0.383431,-0.28598,0.0
ACCESS-CM2,Subtropical Andes,mid_century,ssp585,2040,2069,360,-0.438856,0.0,-0.51869,-0.351436,-0.480712,0.0,-0.556426,-0.39708,-0.304523,0.0
ACCESS-CM2,Subtropical Andes,end_century,ssp126,2070,2099,360,-0.274198,0.0,-0.367154,-0.17582,-0.29734,0.0,-0.388754,-0.200129,-0.184865,0.0
ACCESS-CM2,Subtropical Andes,end_century,ssp245,2070,2099,360,-0.364593,0.0,-0.45096,-0.271461,-0.425207,0.0,-0.506316,-0.33664,-0.248128,0.0
ACCESS-CM2,Subtropical Andes,end_century,ssp370,2070,2099,360,-0.424709,0.0,-0.505864,-0.336101,-0.480798,0.0,-0.556504,-0.397175,-0.292342,0.0
ACCESS-CM2,Subtropical Andes,end_century,ssp585,2070,2099,360,-0.399876,0.0,-0.483264,-0.309298,-0.451094,0.0,-0.529756,-0.364738,-0.278644,0.0
CESM2,Central Amazonia,baseline,historical,1960,2014,660,-0.419106,0.0,-0.480068,-0.354116,-0.409384,0.0,-0.470985,-0.343808,-0.289943,0.0
CESM2,Central Amazonia,recent,historical,1995,2014,240,-0.317144,1e-06,-0.42664,-0.198485,-0.358534,0.0,-0.464093,-0.242933,-0.215063,1e-06
CESM2,Central Amazonia,mid_century,ssp126,2040,2069,360,-0.329892,0.0,-0.418967,-0.234527,-0.271407,0.0,-0.364542,-0.172895,-0.23126,0.0
CESM2,Central Amazonia,mid_century,ssp245,2040,2069,360,-0.538327,0.0,-0.607866,-0.460594,-0.530872,0.0,-0.601242,-0.45233,-0.382204,0.0
CESM2,Central Amazonia,mid_century,ssp370,2040,2069,360,-0.406414,0.0,-0.489225,-0.316341,-0.367352,0.0,-0.453495,-0.27441,-0.278016,0.0
CESM2,Central Amazonia,mid_century,ssp585,2040,2069,360,-0.319001,0.0,-0.408881,-0.222992,-0.306592,0.0,-0.397361,-0.209881,-0.21314,0.0
CESM2,Central Amazonia,end_century,ssp126,2070,2099,360,-0.384556,0.0,-0.469265,-0.292834,-0.354508,0.0,-0.441685,-0.260698,-0.26385,0.0
CESM2,Central Amazonia,end_century,ssp245,2070,2099,360,-0.570902,0.0,-0.636693,-0.49686,-0.532507,0.0,-0.602696,-0.454141,-0.408821,0.0
CESM2,Central Amazonia,end_century,ssp370,2070,2099,360,-0.570577,0.0,-0.636406,-0.496496,-0.552118,0.0,-0.620092,-0.475916,-0.404209,0.0
CESM2,Central Amazonia,end_century,ssp585,2070,2099,360,-0.517708,0.0,-0.589524,-0.437772,-0.500935,0.0,-0.574548,-0.419283,-0.359424,0.0
CESM2,Northern Tropics,baseline,historical,1960,2014,660,-0.519838,0.0,-0.573406,-0.461843,-0.567677,0.0,-0.617252,-0.513612,-0.364571,0.0
CESM2,Northern Tropics,recent,historical,1995,2014,240,-0.582047,0.0,-0.660029,-0.491654,-0.654877,0.0,-0.721662,-0.576014,-0.416039,0.0
CESM2,Northern Tropics,mid_century,ssp126,2040,2069,360,-0.593791,0.0,-0.656839,-0.522498,-0.660561,0.0,-0.715098,-0.598031,-0.424098,0.0
CESM2,Northern Tropics,mid_century,ssp245,2040,2069,360,-0.487763,0.0,-0.562753,-0.404811,-0.521412,0.0,-0.592824,-0.441864,-0.339665,0.0
CESM2,Northern Tropics,mid_century,ssp370,2040,2069,360,-0.61642,0.0,-0.676668,-0.547972,-0.624264,0.0,-0.683521,-0.556832,-0.440483,0.0
CESM2,Northern Tropics,mid_century,ssp585,2040,2069,360,-0.405851,0.0,-0.488711,-0.315734,-0.483792,0.0,-0.559191,-0.400455,-0.28013,0.0
CESM2,Northern Tropics,end_century,ssp126,2070,2099,360,-0.57221,0.0,-0.637847,-0.498321,-0.634825,0.0,-0.692732,-0.568785,-0.404116,0.0
CESM2,Northern Tropics,end_century,ssp245,2070,2099,360,-0.599649,0.0,-0.661981,-0.52908,-0.655041,0.0,-0.71031,-0.591744,-0.424129,0.0
CESM2,Northern Tropics,end_century,ssp370,2070,2099,360,-0.468501,0.0,-0.545449,-0.383721,-0.491849,0.0,-0.566415,-0.409295,-0.317938,0.0
CESM2,Northern Tropics,end_century,ssp585,2070,2099,360,-0.545774,0.0,-0.614472,-0.468862,-0.571404,0.0,-0.637136,-0.497421,-0.385255,0.0
CESM2,Southern Cone,baseline,historical,1960,2014,660,0.061256,0.115904,-0.015131,0.136933,0.070754,0.069288,-0.005593,0.146281,0.039762,0.126464
CESM2,Southern Cone,recent,historical,1995,2014,240,0.135493,0.035925,0.009018,0.257701,0.159539,0.013341,0.033588,0.280503,0.090586,0.036638
CESM2,Southern Cone,mid_century,ssp126,2040,2069,360,0.081854,0.121075,-0.021691,0.183662,0.095679,0.069796,-0.00776,0.197092,0.055339,0.117033
CESM2,Southern Cone,mid_century,ssp245,2040,2069,360,0.093913,0.075141,-0.009542,0.195378,0.084705,0.108612,-0.018821,0.186435,0.0632,0.073453
CESM2,Southern Cone,mid_century,ssp370,2040,2069,360,0.180722,0.00057,0.078833,0.278875,0.186885,0.000364,0.085169,0.284747,0.122934,0.000498
CESM2,Southern Cone,mid_century,ssp585,2040,2069,360,0.274082,0.0,0.175698,0.367046,0.287138,0.0,0.189397,0.379244,0.183937,0.0
CESM2,Southern Cone,end_century,ssp126,2070,2099,360,0.223366,1.9e-05,0.122841,0.319355,0.219879,2.6e-05,0.119227,0.316058,0.147942,2.8e-05
CESM2,Southern Cone,end_century,ssp245,2070,2099,360,0.10658,0.043286,0.003254,0.207654,0.12401,0.018581,0.020916,0.224494,0.070381,0.04622
CESM2,Southern Cone,end_century,ssp370,2070,2099,360,0.2052,8.8e-05,0.104045,0.302153,0.182573,0.000499,0.080735,0.280639,0.139121,8.1e-05
CESM2,Southern Cone,end_century,ssp585,2070,2099,360,0.264713,0.0,0.165891,0.358272,0.278993,0.0,0.180846,0.371638,0.175057,1e-06
CESM2,Subtropical Andes,baseline,historical,1960,2014,660,-0.387037,0.0,-0.450061,-0.320178,-0.406163,0.0,-0.467974,-0.340397,-0.26956,0.0
CESM2,Subtropical Andes,recent,historical,1995,2014,240,-0.372475,0.0,-0.476624,-0.258015,-0.380187,0.0,-0.483538,-0.266381,-0.256904,0.0
CESM2,Subtropical Andes,mid_century,ssp126,2040,2069,360,-0.273039,0.0,-0.36607,-0.174605,-0.304392,0.0,-0.395316,-0.207561,-0.18827,0.0
CESM2,Subtropical Andes,mid_century,ssp245,2040,2069,360,-0.452319,0.0,-0.530862,-0.366072,-0.466271,0.0,-0.543441,-0.381285,-0.316899,0.0
CESM2,Subtropical Andes,mid_century,ssp370,2040,2069,360,-0.136755,0.009379,-0.23677,-0.033872,-0.192443,0.00024,-0.290036,-0.090889,-0.090467,0.010399
CESM2,Subtropical Andes,mid_century,ssp585,2040,2069,360,-0.251776,1e-06,-0.34613,-0.15238,-0.240699,4e-06,-0.335708,-0.140841,-0.173383,1e-06
CESM2,Subtropical Andes,end_century,ssp126,2070,2099,360,-0.346579,0.0,-0.43438,-0.252254,-0.3504,0.0,-0.437902,-0.256321,-0.242866,0.0
CESM2,Subtropical Andes,end_century,ssp245,2070,2099,360,-0.422602,0.0,-0.50395,-0.333821,-0.480776,0.0,-0.556484,-0.397151,-0.302847,0.0
CESM2,Subtropical Andes,end_century,ssp370,2070,2099,360,-0.343142,0.0,-0.431209,-0.248597,-0.353992,0.0,-0.441211,-0.260149,-0.239895,0.0
CESM2,Subtropical Andes,end_century,ssp585,2070,2099,360,-0.380619,0.0,-0.465661,-0.288612,-0.378064,0.0,-0.46332,-0.285873,-0.2632,0.0
CanESM5,Central Amazonia,baseline,historical,1960,2014,660,-0.655133,0.0,-0.69662,-0.609279,-0.682078,0.0,-0.720871,-0.639025,-0.477947,0.0
CanESM5,Central Amazonia,recent,historical,1995,2014,240,-0.664233,0.0,-0.729503,-0.586974,-0.721865,0.0,-0.77743,-0.655119,-0.488607,0.0
CanESM5,Central Amazonia,mid_century,ssp126,2040,2069,360,-0.565693,0.0,-0.632096,-0.491043,-0.552205,0.0,-0.62017,-0.476013,-0.387434,0.0
CanESM5,Central Amazonia,mid_century,ssp245,2040,2069,360,-0.620059,0.0,-0.679849,-0.55208,-0.663376,0.0,-0.717538,-0.60124,-0.439957,0.0
CanESM5,Central Amazonia,mid_century,ssp370,2040,2069,360,-0.616868,0.0,-0.67706,-0.548477,-0.60503,0.0,-0.666699,-0.535134,-0.430053,0.0
CanESM5,Central Amazonia,mid_century,ssp585,2040,2069,360,-0.604684,0.0,-0.666396,-0.534745,-0.602966,0.0,-0.66489,-0.532811,-0.418353,0.0
CanESM5,Central Amazonia,end_century,ssp126,2070,2099,360,-0.652019,0.0,-0.707687,-0.588306,-0.7202,0.0,-0.766503,-0.66645,-0.460774,0.0
CanESM5,Central Amazonia,end_century,ssp245,2070,2099,360,-0.625986,0.0,-0.685025,-0.558779,-0.610763,0.0,-0.67172,-0.541592,-0.438873,0.0
CanESM5,Central Amazonia,end_century,ssp370,2070,2099,360,-0.557488,0.0,-0.624844,-0.481894,-0.589939,0.0,-0.653455,-0.518173,-0.393903,0.0
CanESM5,Central Amazonia,end_century,ssp585,2070,2099,360,-0.680935,0.0,-0.732725,-0.621302,-0.674458,0.0,-0.72713,-0.613893,-0.484277,0.0
CanESM5,Northern Tropics,baseline,historical,1960,2014,660,-0.541549,0.0,-0.593343,-0.485289,-0.576124,0.0,-0.624963,-0.522794,-0.385502,0.0
CanESM5,Northern Tropics,recent,historical,1995,2014,240,-0.619106,0.0,-0.691523,-0.534369,-0.625051,0.0,-0.696549,-0.541262,-0.449791,0.0
CanESM5,Northern Tropics,mid_century,ssp126,2040,2069,360,-0.75885,0.0,-0.799502,-0.711278,-0.761856,0.0,-0.802058,-0.714781,-0.565552,0.0
CanESM5,Northern Tropics,mid_century,ssp245,2040,2069,360,-0.77178,0.0,-0.810487,-0.726362,-0.774942,0.0,-0.813169,-0.730057,-0.57134,0.0
CanESM5,Northern Tropics,mid_century,ssp370,2040,2069,360,-0.781951,0.0,-0.81911,-0.738259,-0.753293,0.0,-0.794772,-0.704808,-0.577612,0.0
CanESM5,Northern Tropics,mid_century,ssp585,2040,2069,360,-0.711543,0.0,-0.759077,-0.656462,-0.715784,0.0,-0.762716,-0.661352,-0.514257,0.0
CanESM5,Northern Tropics,end_century,ssp126,2070,2099,360,-0.772953,0.0,-0.811482,-0.727732,-0.803335,0.0,-0.837182,-0.763358,-0.580439,0.0
CanESM5,Northern Tropics,end_century,ssp245,2070,2099,360,-0.815159,0.0,-0.847144,-0.777288,-0.819886,0.0,-0.85112,-0.782869,-0.624409,0.0
CanESM5,Northern Tropics,end_century,ssp370,2070,2099,360,-0.784342,0.0,-0.821134,-0.741059,-0.783705,0.0,-0.820595,-0.740313,-0.586568,0.0
CanESM5,Northern Tropics,end_century,ssp585,2070,2099,360,-0.766213,0.0,-0.805761,-0.719862,-0.750856,0.0,-0.792696,-0.701974,-0.560105,0.0
CanESM5,Southern Cone,baseline,historical,1960,2014,660,-0.14084,0.000284,-0.214847,-0.065224,-0.149747,0.000113,-0.22351,-0.074279,-0.094983,0.000262
CanESM5,Southern Cone,recent,historical,1995,2014,240,-0.139133,0.031187,-0.261162,-0.012728,-0.112814,0.081131,-0.236072,0.014016,-0.095397,0.027752
CanESM5,Southern Cone,mid_century,ssp126,2040,2069,360,-0.229624,1.1e-05,-0.325266,-0.129331,-0.216539,3.4e-05,-0.312897,-0.115768,-0.15048,2e-05
CanESM5,Southern Cone,mid_century,ssp245,2040,2069,360,-0.259691,1e-06,-0.353562,-0.160641,-0.252632,1e-06,-0.346934,-0.153272,-0.177252,1e-06
CanESM5,Southern Cone,mid_century,ssp370,2040,2069,360,-0.182786,0.000491,-0.280841,-0.080953,-0.218708,2.8e-05,-0.31495,-0.118014,-0.120334,0.000654
CanESM5,Southern Cone,mid_century,ssp585,2040,2069,360,-0.172695,0.001002,-0.271215,-0.070593,-0.182379,0.000506,-0.280454,-0.080536,-0.116063,0.001012
CanESM5,Southern Cone,end_century,ssp126,2070,2099,360,-0.172869,0.00099,-0.271382,-0.070772,-0.194308,0.000208,-0.291809,-0.09281,-0.117239,0.000898
CanESM5,Southern Cone,end_century,ssp245,2070,2099,360,-0.205703,8.4e-05,-0.302631,-0.104565,-0.177245,0.00073,-0.275558,-0.075262,-0.136026,0.000117
CanESM5,Southern Cone,end_century,ssp370,2070,2099,360,-0.138956,0.008287,-0.238887,-0.036113,-0.157754,0.002686,-0.256926,-0.055294,-0.091891,0.009252
CanESM5,Southern Cone,end_century,ssp585,2070,2099,360,-0.292752,0.0,-0.38448,-0.1953,-0.326786,0.0,-0.416093,-0.231235,-0.194646,0.0
CanESM5,Subtropical Andes,baseline,historical,1960,2014,660,-0.386256,0.0,-0.449328,-0.319354,-0.440646,0.0,-0.500144,-0.377008,-0.267302,0.0
CanESM5,Subtropical Andes,recent,historical,1995,2014,240,-0.365663,0.0,-0.470507,-0.250639,-0.414888,0.0,-0.514488,-0.304242,-0.25007,0.0
CanESM5,Subtropical Andes,mid_century,ssp126,2040,2069,360,-0.551883,0.0,-0.619884,-0.475654,-0.599111,0.0,-0.661509,-0.528475,-0.386258,0.0
CanESM5,Subtropical Andes,mid_century,ssp245,2040,2069,360,-0.55346,0.0,-0.621281,-0.477409,-0.570073,0.0,-0.635961,-0.495933,-0.394522,0.0
CanESM5,Subtropical Andes,mid_century,ssp370,2040,2069,360,-0.624589,0.0,-0.683805,-0.557199,-0.643801,0.0,-0.700545,-0.578966,-0.439245,0.0
CanESM5,Subtropical Andes,mid_century,ssp585,2040,2069,360,-0.588245,0.0,-0.651966,-0.516274,-0.599758,0.0,-0.662076,-0.529202,-0.415537,0.0
CanESM5,Subtropical Andes,end_century,ssp126,2070,2099,360,-0.606104,0.0,-0.66764,-0.536343,-0.635946,0.0,-0.693709,-0.570056,-0.433347,0.0
CanESM5,Subtropical Andes,end_century,ssp245,2070,2099,360,-0.608518,0.0,-0.669754,-0.539062,-0.580349,0.0,-0.645019,-0.507426,-0.419901,0.0
CanESM5,Subtropical Andes,end_century,ssp370,2070,2099,360,-0.534171,0.0,-0.604175,-0.455986,-0.547534,0.0,-0.616032,-0.470818,-0.372331,0.0
CanESM5,Subtropical Andes,end_century,ssp585,2070,2099,360,-0.654427,0.0,-0.709778,-0.591045,-0.660443,0.0,-0.714996,-0.597897,-0.467905,0.0
EC-Earth3,Central Amazonia,baseline,historical,1960,2014,660,-0.37182,0.0,-0.435771,-0.304133,-0.471003,0.0,-0.528329,-0.409403,-0.260092,0.0
EC-Earth3,Central Amazonia,recent,historical,1995,2014,240,-0.528461,0.0,-0.614003,-0.43065,-0.618864,0.0,-0.691318,-0.534089,-0.377238,0.0
EC-Earth3,Central Amazonia,mid_century,ssp126,2040,2069,360,-0.44052,0.0,-0.520196,-0.353242,-0.446274,0.0,-0.5254,-0.359495,-0.303763,0.0
EC-Earth3,Central Amazonia,mid_century,ssp245,2040,2069,360,-0.52782,0.0,-0.598529,-0.448952,-0.562378,0.0,-0.629167,-0.487344,-0.364345,0.0
EC-Earth3,Central Amazonia,mid_century,ssp370,2040,2069,360,-0.46066,0.0,-0.538387,-0.375161,-0.497368,0.0,-0.571357,-0.41536,-0.314162,0.0
EC-Earth3,Central Amazonia,mid_century,ssp585,2040,2069,360,-0.513616,0.0,-0.585875,-0.433255,-0.506765,0.0,-0.579759,-0.425702,-0.35766,0.0
EC-Earth3,Central Amazonia,end_century,ssp126,2070,2099,360,-0.450595,0.0,-0.529304,-0.364195,-0.495637,0.0,-0.569808,-0.413457,-0.309595,0.0
EC-Earth3,Central Amazonia,end_century,ssp245,2070,2099,360,-0.599469,0.0,-0.661823,-0.528878,-0.596124,0.0,-0.658887,-0.525118,-0.424531,0.0
EC-Earth3,Central Amazonia,end_century,ssp370,2070,2099,360,-0.570449,0.0,-0.636293,-0.496353,-0.585331,0.0,-0.649404,-0.513007,-0.397078,0.0
EC-Earth3,Central Amazonia,end_century,ssp585,2070,2099,360,-0.635419,0.0,-0.69325,-0.569458,-0.678899,0.0,-0.730967,-0.618972,-0.451253,0.0
EC-Earth3,Northern Tropics,baseline,historical,1960,2014,660,-0.578379,0.0,-0.627019,-0.525247,-0.585397,0.0,-0.633416,-0.532887,-0.410613,0.0
EC-Earth3,Northern Tropics,recent,historical,1995,2014,240,-0.649791,0.0,-0.717392,-0.570068,-0.644474,0.0,-0.712923,-0.563861,-0.466597,0.0
EC-Earth3,Northern Tropics,mid_century,ssp126,2040,2069,360,-0.556683,0.0,-0.624132,-0.480997,-0.618716,0.0,-0.678675,-0.550564,-0.395636,0.0
EC-Earth3,Northern Tropics,mid_century,ssp245,2040,2069,360,-0.522153,0.0,-0.593484,-0.442683,-0.566955,0.0,-0.63321,-0.492452,-0.364438,0.0
EC-Earth3,Northern Tropics,mid_century,ssp370,2040,2069,360,-0.479329,0.0,-0.555184,-0.395565,-0.502382,0.0,-0.575842,-0.420875,-0.330269,0.0
EC-Earth3,Northern Tropics,mid_century,ssp585,2040,2069,360,-0.588171,0.0,-0.651901,-0.516191,-0.643703,0.0,-0.70046,-0.578854,-0.414918,0.0
EC-Earth3,Northern Tropics,end_century,ssp126,2070,2099,360,-0.517225,0.0,-0.589093,-0.437238,-0.579796,0.0,-0.644532,-0.506807,-0.368202,0.0
EC-Earth3,Northern Tropics,end_century,ssp245,2070,2099,360,-0.622616,0.0,-0.682083,-0.554969,-0.671713,0.0,-0.724755,-0.610755,-0.450418,0.0
EC-Earth3,Northern Tropics,end_century,ssp370,2070,2099,360,-0.59523,0.0,-0.658103,-0.524114,-0.63221,0.0,-0.690453,-0.565822,-0.427255,0.0
EC-Earth3,Northern Tropics,end_century,ssp585,2070,2099,360,-0.600814,0.0,-0.663002,-0.53039,-0.633821,0.0,-0.691857,-0.567647,-0.426927,0.0
EC-Earth3,Southern Cone,baseline,historical,1960,2014,660,-0.156597,5.3e-05,-0.230163,-0.081251,-0.154244,6.9e-05,-0.227878,-0.078855,-0.10509,5.4e-05
EC-Earth3,Southern Cone,recent,historical,1995,2014,240,-0.087874,0.174827,-0.212143,0.039192,-0.075613,0.243231,-0.200325,0.05151,-0.059693,0.168482
EC-Earth3,Southern Cone,mid_century,ssp126,2040,2069,360,-0.180397,0.000584,-0.278565,-0.078499,-0.194932,0.000198,-0.292402,-0.093453,-0.118972,0.000753
EC-Earth3,Southern Cone,mid_century,ssp245,2040,2069,360,-0.062329,0.238138,-0.164631,0.041298,-0.070624,0.181219,-0.172725,0.032978,-0.042216,0.231823
EC-Earth3,Southern Cone,mid_century,ssp370,2040,2069,360,-0.225153,1.6e-05,-0.321043,-0.124693,-0.217754,3.1e-05,-0.314048,-0.117027,-0.154844,1.2e-05
EC-Earth3,Southern Cone,mid_century,ssp585,2040,2069,360,-0.181323,0.000546,-0.279448,-0.07945,-0.195282,0.000193,-0.292735,-0.093813,-0.121882,0.000556
EC-Earth3,Southern Cone,end_century,ssp126,2070,2099,360,-0.223817,1.8e-05,-0.319781,-0.123308,-0.23198,9e-06,-0.32749,-0.131778,-0.150077,2.1e-05
EC-Earth3,Southern Cone,end_century,ssp245,2070,2099,360,-0.265479,0.0,-0.35899,-0.166691,-0.262613,0.0,-0.356303,-0.163695,-0.176756,1e-06
EC-Earth3,Southern Cone,end_century,ssp370,2070,2099,360,-0.172908,0.000987,-0.271419,-0.070812,-0.200801,0.000125,-0.297978,-0.099505,-0.114423,0.001192
EC-Earth3,Southern Cone,end_century,ssp585,2070,2099,360,-0.313023,0.0,-0.403335,-0.216672,-0.313279,0.0,-0.403573,-0.216943,-0.212273,0.0
EC-Earth3,Subtropical Andes,baseline,historical,1960,2014,660,-0.264207,0.0,-0.333794,-0.191757,-0.314312,0.0,-0.381478,-0.243844,-0.180696,0.0
EC-Earth3,Subtropical Andes,recent,historical,1995,2014,240,-0.360262,0.0,-0.465649,-0.2448,-0.442929,0.0,-0.53931,-0.335094,-0.245816,0.0
EC-Earth3,Subtropical Andes,mid_century,ssp126,2040,2069,360,-0.33446,0.0,-0.423192,-0.239373,-0.366983,0.0,-0.453155,-0.274015,-0.229465,0.0
EC-Earth3,Subtropical Andes,mid_century,ssp245,2040,2069,360,-0.401406,0.0,-0.484659,-0.310945,-0.474582,0.0,-0.550919,-0.390369,-0.275426,0.0
EC-Earth3,Subtropical Andes,mid_century,ssp370,2040,2069,360,-0.454823,0.0,-0.533122,-0.368799,-0.518178,0.0,-0.589943,-0.438291,-0.313959,0.0
EC-Earth3,Subtropical Andes,mid_century,ssp585,2040,2069,360,-0.458476,0.0,-0.536417,-0.37278,-0.511929,0.0,-0.584369,-0.431394,-0.317177,0.0
EC-Earth3,Subtropical Andes,end_century,ssp126,2070,2099,360,-0.253621,1e-06,-0.347863,-0.154304,-0.314791,0.0,-0.404976,-0.21854,-0.17134,1e-06
EC-Earth3,Subtropical Andes,end_century,ssp245,2070,2099,360,-0.434347,0.0,-0.514606,-0.346544,-0.451152,0.0,-0.529808,-0.364801,-0.295822,0.0
EC-Earth3,Subtropical Andes,end_century,ssp370,2070,2099,360,-0.386795,0.0,-0.471314,-0.295237,-0.433753,0.0,-0.514067,-0.345899,-0.267502,0.0
EC-Earth3,Subtropical Andes,end_century,ssp585,2070,2099,360,-0.504293,0.0,-0.57755,-0.422979,-0.601268,0.0,-0.6634,-0.5309,-0.353884,0.0
GFDL-ESM4,Central Amazonia,baseline,historical,1960,2014,660,-0.494666,0.0,-0.550212,-0.434762,-0.528599,0.0,-0.581459,-0.471295,-0.352777,0.0
GFDL-ESM4,Central Amazonia,recent,historical,1995,2014,240,-0.517239,0.0,-0.604289,-0.417986,-0.558952,0.0,-0.640264,-0.465253,-0.367643,0.0
GFDL-ESM4,Central Amazonia,mid_century,ssp126,2040,2069,360,-0.447194,0.0,-0.526232,-0.360495,-0.515571,0.0,-0.587619,-0.435413,-0.324822,0.0
GFDL-ESM4,Central Amazonia,mid_century,ssp245,2040,2069,360,-0.420449,0.0,-0.501995,-0.331494,-0.419081,0.0,-0.500751,-0.330014,-0.304116,0.0
GFDL-ESM4,Central Amazonia,mid_century,ssp370,2040,2069,360,-0.499044,0.0,-0.572857,-0.417202,-0.496139,0.0,-0.570257,-0.414009,-0.35381,0.0
GFDL-ESM4,Central Amazonia,mid_century,ssp585,2040,2069,360,-0.517383,0.0,-0.589234,-0.437413,-0.511616,0.0,-0.58409,-0.431049,-0.367688,0.0
GFDL-ESM4,Central Amazonia,end_century,ssp126,2070,2099,360,-0.406347,0.0,-0.489163,-0.316268,-0.457794,0.0,-0.535802,-0.372036,-0.286369,0.0
GFDL-ESM4,Central Amazonia,end_century,ssp245,2070,2099,360,-0.494442,0.0,-0.568737,-0.412143,-0.478095,0.0,-0.554076,-0.394214,-0.353884,0.0
GFDL-ESM4,Central Amazonia,end_century,ssp370,2070,2099,360,-0.568444,0.0,-0.634524,-0.494114,-0.583208,0.0,-0.647535,-0.510627,-0.409118,0.0
GFDL-ESM4,Central Amazonia,end_century,ssp585,2070,2099,360,-0.62005,0.0,-0.679841,-0.55207,-0.59527,0.0,-0.658137,-0.524158,-0.438904,0.0
GFDL-ESM4,Northern Tropics,baseline,historical,1960,2014,660,-0.559899,0.0,-0.610145,-0.505168,-0.579667,0.0,-0.628193,-0.526648,-0.398197,0.0
GFDL-ESM4,Northern Tropics,recent,historical,1995,2014,240,-0.621976,0.0,-0.69395,-0.537695,-0.611739,0.0,-0.685284,-0.525844,-0.445467,0.0
GFDL-ESM4,Northern Tropics,mid_century,ssp126,2040,2069,360,-0.623078,0.0,-0.682486,-0.555492,-0.630485,0.0,-0.688949,-0.563869,-0.45732,0.0
GFDL-ESM4,Northern Tropics,mid_century,ssp245,2040,2069,360,-0.6695,0.0,-0.722841,-0.608228,-0.723943,0.0,-0.769709,-0.670774,-0.489106,0.0
GFDL-ESM4,Northern Tropics,mid_century,ssp370,2040,2069,360,-0.702893,0.0,-0.751646,-0.646501,-0.701029,0.0,-0.750043,-0.644357,-0.513711,0.0
GFDL-ESM4,Northern Tropics,mid_century,ssp585,2040,2069,360,-0.561535,0.0,-0.628423,-0.486405,-0.62336,0.0,-0.682732,-0.55581,-0.395438,0.0
GFDL-ESM4,Northern Tropics,end_century,ssp126,2070,2099,360,-0.627954,0.0,-0.686742,-0.561005,-0.598418,0.0,-0.660901,-0.527696,-0.451099,0.0
GFDL-ESM4,Northern Tropics,end_century,ssp245,2070,2099,360,-0.622241,0.0,-0.681755,-0.554545,-0.655017,0.0,-0.71029,-0.591717,-0.456639,0.0
GFDL-ESM4,Northern Tropics,end_century,ssp370,2070,2099,360,-0.761364,0.0,-0.80164,-0.714207,-0.769815,0.0,-0.80882,-0.724067,-0.562736,0.0
GFDL-ESM4,Northern Tropics,end_century,ssp585,2070,2099,360,-0.692673,0.0,-0.74285,-0.634758,-0.696044,0.0,-0.745753,-0.638628,-0.50207,0.0
GFDL-ESM4,Southern Cone,baseline,historical,1960,2014,660,-0.168547,1.3e-05,-0.241754,-0.093432,-0.158514,4.3e-05,-0.232024,-0.083204,-0.11351,1.3e-05
GFDL-ESM4,Southern Cone,recent,historical,1995,2014,240,-0.095811,0.138887,-0.219774,0.031198,-0.104805,0.105315,-0.228403,0.022119,-0.064923,0.134197
GFDL-ESM4,Southern Cone,mid_century,ssp126,2040,2069,360,-0.171941,0.001055,-0.270496,-0.06982,-0.174237,0.000901,-0.272688,-0.072175,-0.112132,0.001494
GFDL-ESM4,Southern Cone,mid_century,ssp245,2040,2069,360,-0.195491,0.00019,-0.292934,-0.094029,-0.207132,7.5e-05,-0.303985,-0.10604,-0.130579,0.000217
GFDL-ESM4,Southern Cone,mid_century,ssp370,2040,2069,360,-0.10026,0.057371,-0.201533,0.003135,-0.096506,0.067403,-0.197894,0.006925,-0.067471,0.056008
GFDL-ESM4,Southern Cone,mid_century,ssp585,2040,2069,360,-0.148812,0.004663,-0.248354,-0.04616,-0.176012,0.000796,-0.274382,-0.073996,-0.100248,0.004521
GFDL-ESM4,Southern Cone,end_century,ssp126,2070,2099,360,-0.057237,0.27876,-0.159654,0.046399,-0.052801,0.317773,-0.155315,0.050838,-0.039338,0.265214
GFDL-ESM4,Southern Cone,end_century,ssp245,2070,2099,360,-0.196994,0.000169,-0.294362,-0.095578,-0.208854,6.5e-05,-0.305618,-0.107819,-0.131848,0.000188
GFDL-ESM4,Southern Cone,end_century,ssp370,2070,2099,360,-0.232794,8e-06,-0.328257,-0.132623,-0.223269,1.9e-05,-0.319263,-0.12274,-0.154503,1.2e-05
GFDL-ESM4,Southern Cone,end_century,ssp585,2070,2099,360,-0.23407,7e-06,-0.329461,-0.133949,-0.228364,1.2e-05,-0.324076,-0.128024,-0.157227,8e-06
GFDL-ESM4,Subtropical Andes,baseline,historical,1960,2014,660,-0.432403,0.0,-0.492468,-0.368238,-0.509183,0.0,-0.563599,-0.450367,-0.303363,0.0
GFDL-ESM4,Subtropical Andes,recent,historical,1995,2014,240,-0.488848,0.0,-0.579599,-0.38612,-0.55065,0.0,-0.633132,-0.455803,-0.346554,0.0
GFDL-ESM4,Subtropical Andes,mid_century,ssp126,2040,2069,360,-0.477314,0.0,-0.553375,-0.393359,-0.520084,0.0,-0.591641,-0.440397,-0.337078,0.0
GFDL-ESM4,Subtropical Andes,mid_century,ssp245,2040,2069,360,-0.473462,0.0,-0.549912,-0.389144,-0.492881,0.0,-0.567339,-0.410428,-0.323863,0.0
GFDL-ESM4,Subtropical Andes,mid_century,ssp370,2040,2069,360,-0.409839,0.0,-0.492344,-0.320034,-0.416818,0.0,-0.498695,-0.327569,-0.285812,0.0
GFDL-ESM4,Subtropical Andes,mid_century,ssp585,2040,2069,360,-0.479486,0.0,-0.555326,-0.395737,-0.504469,0.0,-0.577708,-0.423173,-0.338595,0.0
GFDL-ESM4,Subtropical Andes,end_century,ssp126,2070,2099,360,-0.432479,0.0,-0.512912,-0.344517,-0.514175,0.0,-0.586374,-0.433872,-0.294243,0.0
GFDL-ESM4,Subtropical Andes,end_century,ssp245,2070,2099,360,-0.54839,0.0,-0.616791,-0.471769,-0.576143,0.0,-0.641314,-0.502719,-0.386784,0.0
GFDL-ESM4,Subtropical Andes,end_century,ssp370,2070,2099,360,-0.556088,0.0,-0.623606,-0.480335,-0.587857,0.0,-0.651625,-0.515839,-0.398254,0.0
GFDL-ESM4,Subtropical Andes,end_century,ssp585,2070,2099,360,-0.636327,0.0,-0.694041,-0.570487,-0.653506,0.0,-0.708978,-0.589998,-0.45277,0.0
IPSL-CM6A-LR,Central Amazonia,baseline,historical,1960,2014,660,-0.341055,0.0,-0.406784,-0.271813,-0.349931,0.0,-0.415161,-0.281122,-0.233499,0.0
IPSL-CM6A-LR,Central Amazonia,recent,historical,1995,2014,240,-0.287796,6e-06,-0.399854,-0.167261,-0.309665,1e-06,-0.419832,-0.190505,-0.199442,4e-06
IPSL-CM6A-LR,Central Amazonia,mid_century,ssp126,2040,2069,360,-0.374709,0.0,-0.460245,-0.28228,-0.393644,0.0,-0.477574,-0.302594,-0.260866,0.0
IPSL-CM6A-LR,Central Amazonia,mid_century,ssp245,2040,2069,360,-0.39123,0.0,-0.475369,-0.3,-0.431537,0.0,-0.512058,-0.343496,-0.277685,0.0
IPSL-CM6A-LR,Central Amazonia,mid_century,ssp370,2040,2069,360,-0.48035,0.0,-0.556101,-0.396683,-0.499385,0.0,-0.573162,-0.417577,-0.334262,0.0
IPSL-CM6A-LR,Central Amazonia,mid_century,ssp585,2040,2069,360,-0.431356,0.0,-0.511895,-0.3433,-0.472225,0.0,-0.5488,-0.387791,-0.305385,0.0
IPSL-CM6A-LR,Central Amazonia,end_century,ssp126,2070,2099,360,-0.249753,2e-06,-0.344228,-0.15027,-0.290378,0.0,-0.382266,-0.192803,-0.174885,1e-06
IPSL-CM6A-LR,Central Amazonia,end_century,ssp245,2070,2099,360,-0.522548,0.0,-0.593836,-0.44312,-0.598111,0.0,-0.660631,-0.527351,-0.370009,0.0
IPSL-CM6A-LR,Central Amazonia,end_century,ssp370,2070,2099,360,-0.519687,0.0,-0.591288,-0.439958,-0.572728,0.0,-0.638303,-0.4989,-0.36611,0.0
IPSL-CM6A-LR,Central Amazonia,end_century,ssp585,2070,2099,360,-0.620624,0.0,-0.680343,-0.552718,-0.633285,0.0,-0.69139,-0.56704,-0.448066,0.0
IPSL-CM6A-LR,Northern Tropics,baseline,historical,1960,2014,660,-0.345048,0.0,-0.410553,-0.275999,-0.37797,0.0,-0.44155,-0.310613,-0.238598,0.0
IPSL-CM6A-LR,Northern Tropics,recent,historical,1995,2014,240,-0.476471,0.0,-0.568783,-0.372304,-0.488418,0.0,-0.579223,-0.385639,-0.331032,0.0
IPSL-CM6A-LR,Northern Tropics,mid_century,ssp126,2040,2069,360,-0.447303,0.0,-0.526331,-0.360614,-0.506429,0.0,-0.579459,-0.425332,-0.312844,0.0
IPSL-CM6A-LR,Northern Tropics,mid_century,ssp245,2040,2069,360,-0.580466,0.0,-0.645122,-0.507557,-0.572362,0.0,-0.637981,-0.498492,-0.407119,0.0
IPSL-CM6A-LR,Northern Tropics,mid_century,ssp370,2040,2069,360,-0.544404,0.0,-0.613258,-0.46734,-0.571266,0.0,-0.637014,-0.497266,-0.384172,0.0
IPSL-CM6A-LR,Northern Tropics,mid_century,ssp585,2040,2069,360,-0.553353,0.0,-0.621186,-0.47729,-0.562502,0.0,-0.629277,-0.487483,-0.39615,0.0
IPSL-CM6A-LR,Northern Tropics,end_century,ssp126,2070,2099,360,-0.557686,0.0,-0.625019,-0.482114,-0.581537,0.0,-0.646064,-0.508755,-0.397821,0.0
IPSL-CM6A-LR,Northern Tropics,end_century,ssp245,2070,2099,360,-0.500394,0.0,-0.574064,-0.418687,-0.555175,0.0,-0.622798,-0.479318,-0.349322,0.0
IPSL-CM6A-LR,Northern Tropics,end_century,ssp370,2070,2099,360,-0.628521,0.0,-0.687236,-0.561646,-0.636157,0.0,-0.693893,-0.570295,-0.443473,0.0
IPSL-CM6A-LR,Northern Tropics,end_century,ssp585,2070,2099,360,-0.620152,0.0,-0.67993,-0.552185,-0.62396,0.0,-0.683256,-0.556488,-0.444754,0.0
IPSL-CM6A-LR,Southern Cone,baseline,historical,1960,2014,660,-0.192297,1e-06,-0.264729,-0.117708,-0.183974,2e-06,-0.256687,-0.10919,-0.128326,1e-06
IPSL-CM6A-LR,Southern Cone,recent,historical,1995,2014,240,-0.135547,0.035851,-0.257752,-0.009072,-0.127853,0.047874,-0.250429,-0.001244,-0.090446,0.036928
IPSL-CM6A-LR,Southern Cone,mid_century,ssp126,2040,2069,360,-0.239522,4e-06,-0.3346,-0.139616,-0.253146,1e-06,-0.347417,-0.153808,-0.162426,4e-06
IPSL-CM6A-LR,Southern Cone,mid_century,ssp245,2040,2069,360,-0.215519,3.7e-05,-0.311932,-0.114713,-0.233303,8e-06,-0.328737,-0.133152,-0.142356,5.5e-05
IPSL-CM6A-LR,Southern Cone,mid_century,ssp370,2040,2069,360,-0.227887,1.3e-05,-0.323625,-0.127529,-0.242134,3e-06,-0.33706,-0.142334,-0.155339,1.1e-05
IPSL-CM6A-LR,Southern Cone,mid_century,ssp585,2040,2069,360,-0.233186,8e-06,-0.328628,-0.133031,-0.253668,1e-06,-0.347908,-0.154353,-0.155401,1.1e-05
IPSL-CM6A-LR,Southern Cone,end_century,ssp126,2070,2099,360,-0.153493,0.003506,-0.252844,-0.05094,-0.154432,0.003308,-0.253744,-0.051899,-0.103435,0.003394
IPSL-CM6A-LR,Southern Cone,end_century,ssp245,2070,2099,360,-0.13294,0.011576,-0.233099,-0.029991,-0.150137,0.004305,-0.249625,-0.047512,-0.09101,0.009948
IPSL-CM6A-LR,Southern Cone,end_century,ssp370,2070,2099,360,-0.078667,0.136297,-0.180561,0.024897,-0.121227,0.021414,-0.22181,-0.018092,-0.054008,0.126102
IPSL-CM6A-LR,Southern Cone,end_century,ssp585,2070,2099,360,-0.124214,0.018387,-0.224691,-0.021123,-0.147042,0.005183,-0.246655,-0.044355,-0.083039,0.018678
IPSL-CM6A-LR,Subtropical Andes,baseline,historical,1960,2014,660,-0.272925,0.0,-0.342116,-0.200791,-0.308076,0.0,-0.375563,-0.237339,-0.187792,0.0
IPSL-CM6A-LR,Subtropical Andes,recent,historical,1995,2014,240,-0.224909,0.000446,-0.341805,-0.10116,-0.24625,0.000116,-0.361604,-0.12347,-0.155788,0.000326
IPSL-CM6A-LR,Subtropical Andes,mid_century,ssp126,2040,2069,360,-0.323041,0.0,-0.412625,-0.227267,-0.302792,0.0,-0.393828,-0.205873,-0.226803,0.0
IPSL-CM6A-LR,Subtropical Andes,mid_century,ssp245,2040,2069,360,-0.421132,0.0,-0.502615,-0.332231,-0.459808,0.0,-0.537618,-0.374232,-0.293841,0.0
IPSL-CM6A-LR,Subtropical Andes,mid_century,ssp370,2040,2069,360,-0.418992,0.0,-0.500671,-0.329918,-0.418988,0.0,-0.500667,-0.329914,-0.295884,0.0
IPSL-CM6A-LR,Subtropical Andes,mid_century,ssp585,2040,2069,360,-0.350993,0.0,-0.438449,-0.256954,-0.378743,0.0,-0.463943,-0.286601,-0.244352,0.0
IPSL-CM6A-LR,Subtropical Andes,end_century,ssp126,2070,2099,360,-0.253185,1e-06,-0.347454,-0.153849,-0.265893,0.0,-0.359378,-0.167124,-0.174126,1e-06
IPSL-CM6A-LR,Subtropical Andes,end_century,ssp245,2070,2099,360,-0.435319,0.0,-0.515486,-0.347597,-0.475965,0.0,-0.552163,-0.391883,-0.310214,0.0
IPSL-CM6A-LR,Subtropical Andes,end_century,ssp370,2070,2099,360,-0.433757,0.0,-0.514071,-0.345903,-0.474438,0.0,-0.55079,-0.390211,-0.301826,0.0
IPSL-CM6A-LR,Subtropical Andes,end_century,ssp585,2070,2099,360,-0.610088,0.0,-0.671128,-0.54083,-0.60932,0.0,-0.670456,-0.539966,-0.43256,0.0
MIROC6,Central Amazonia,baseline,historical,1960,2014,660,-0.616959,0.0,-0.662101,-0.567356,-0.675359,0.0,-0.714832,-0.631595,-0.460198,0.0
MIROC6,Central Amazonia,recent,historical,1995,2014,240,-0.680086,0.0,-0.74275,-0.60561,-0.726463,0.0,-0.781227,-0.660604,-0.525872,0.0
MIROC6,Central Amazonia,mid_century,ssp126,2040,2069,360,-0.559072,0.0,-0.626245,-0.48366,-0.641487,0.0,-0.698533,-0.57634,-0.400254,0.0
MIROC6,Central Amazonia,mid_century,ssp245,2040,2069,360,-0.597398,0.0,-0.660006,-0.52655,-0.64175,0.0,-0.698761,-0.576638,-0.438904,0.0
MIROC6,Central Amazonia,mid_century,ssp370,2040,2069,360,-0.648686,0.0,-0.704792,-0.584515,-0.735162,0.0,-0.779306,-0.683757,-0.473321,0.0
MIROC6,Central Amazonia,mid_century,ssp585,2040,2069,360,-0.636717,0.0,-0.69438,-0.570929,-0.720565,0.0,-0.766815,-0.666871,-0.460786,0.0
MIROC6,Central Amazonia,end_century,ssp126,2070,2099,360,-0.574542,0.0,-0.639903,-0.500928,-0.669081,0.0,-0.722478,-0.60775,-0.414918,0.0
MIROC6,Central Amazonia,end_century,ssp245,2070,2099,360,-0.606455,0.0,-0.667947,-0.536738,-0.708587,0.0,-0.75654,-0.653056,-0.440842,0.0
MIROC6,Central Amazonia,end_century,ssp370,2070,2099,360,-0.685091,0.0,-0.736313,-0.626062,-0.687029,0.0,-0.737985,-0.628283,-0.50294,0.0
MIROC6,Central Amazonia,end_century,ssp585,2070,2099,360,-0.607904,0.0,-0.669216,-0.53837,-0.676391,0.0,-0.7288,-0.616103,-0.431483,0.0
MIROC6,Northern Tropics,baseline,historical,1960,2014,660,-0.660703,0.0,-0.701641,-0.615417,-0.715466,0.0,-0.750788,-0.676063,-0.490687,0.0
MIROC6,Northern Tropics,recent,historical,1995,2014,240,-0.650793,0.0,-0.718234,-0.571239,-0.75851,0.0,-0.807572,-0.699021,-0.48689,0.0
MIROC6,Northern Tropics,mid_century,ssp126,2040,2069,360,-0.661018,0.0,-0.715495,-0.598552,-0.718608,0.0,-0.765138,-0.664611,-0.491582,0.0
MIROC6,Northern Tropics,mid_century,ssp245,2040,2069,360,-0.673,0.0,-0.725869,-0.612227,-0.69343,0.0,-0.743502,-0.635626,-0.488722,0.0
MIROC6,Northern Tropics,mid_century,ssp370,2040,2069,360,-0.6911,0.0,-0.741495,-0.632952,-0.73363,0.0,-0.777997,-0.681982,-0.506654,0.0
MIROC6,Northern Tropics,mid_century,ssp585,2040,2069,360,-0.681912,0.0,-0.733569,-0.622421,-0.685889,0.0,-0.737002,-0.626977,-0.489187,0.0
MIROC6,Northern Tropics,end_century,ssp126,2070,2099,360,-0.725103,0.0,-0.770702,-0.672114,-0.727561,0.0,-0.772806,-0.674957,-0.543958,0.0
MIROC6,Northern Tropics,end_century,ssp245,2070,2099,360,-0.732999,0.0,-0.777458,-0.681252,-0.770607,0.0,-0.809492,-0.724992,-0.555029,0.0
MIROC6,Northern Tropics,end_century,ssp370,2070,2099,360,-0.660047,0.0,-0.714652,-0.597445,-0.677603,0.0,-0.729847,-0.617489,-0.481956,0.0
MIROC6,Northern Tropics,end_century,ssp585,2070,2099,360,-0.683353,0.0,-0.734813,-0.624071,-0.65998,0.0,-0.714595,-0.597369,-0.485392,0.0
MIROC6,Southern Cone,baseline,historical,1960,2014,660,-0.383329,0.0,-0.446581,-0.316264,-0.396705,0.0,-0.459122,-0.330391,-0.263393,0.0
MIROC6,Southern Cone,recent,historical,1995,2014,240,-0.465325,0.0,-0.559015,-0.359902,-0.442377,0.0,-0.538823,-0.334484,-0.319596,0.0
MIROC6,Southern Cone,mid_century,ssp126,2040,2069,360,-0.389105,0.0,-0.473426,-0.297717,-0.376793,0.0,-0.462156,-0.284512,-0.26905,0.0
MIROC6,Southern Cone,mid_century,ssp245,2040,2069,360,-0.251527,1e-06,-0.345896,-0.15212,-0.247519,2e-06,-0.342128,-0.147942,-0.171062,1e-06
MIROC6,Southern Cone,mid_century,ssp370,2040,2069,360,-0.235743,6e-06,-0.331038,-0.135687,-0.24446,3e-06,-0.33925,-0.144756,-0.162086,4e-06
MIROC6,Southern Cone,mid_century,ssp585,2040,2069,360,-0.327033,0.0,-0.416322,-0.231497,-0.328193,0.0,-0.417396,-0.232726,-0.221325,0.0
MIROC6,Southern Cone,end_century,ssp126,2070,2099,360,-0.361508,0.0,-0.448125,-0.268166,-0.371958,0.0,-0.457722,-0.279335,-0.24765,0.0
MIROC6,Southern Cone,end_century,ssp245,2070,2099,360,-0.387451,0.0,-0.471914,-0.295941,-0.388092,0.0,-0.4725,-0.296629,-0.261701,0.0
MIROC6,Southern Cone,end_century,ssp370,2070,2099,360,-0.303249,0.0,-0.394253,-0.206355,-0.292618,0.0,-0.384354,-0.195158,-0.205169,0.0
MIROC6,Southern Cone,end_century,ssp585,2070,2099,360,-0.320118,0.0,-0.409917,-0.224174,-0.295425,0.0,-0.38697,-0.198113,-0.211049,0.0
MIROC6,Subtropical Andes,baseline,historical,1960,2014,660,-0.380449,0.0,-0.443878,-0.313227,-0.424219,0.0,-0.484839,-0.359543,-0.269313,0.0
MIROC6,Subtropical Andes,recent,historical,1995,2014,240,-0.452008,0.0,-0.547311,-0.345133,-0.468318,0.0,-0.561641,-0.363229,-0.322146,0.0
MIROC6,Subtropical Andes,mid_century,ssp126,2040,2069,360,-0.428711,0.0,-0.509496,-0.340435,-0.430818,0.0,-0.511407,-0.342717,-0.303268,0.0
MIROC6,Subtropical Andes,mid_century,ssp245,2040,2069,360,-0.312234,0.0,-0.402602,-0.215838,-0.333557,0.0,-0.422357,-0.238415,-0.21628,0.0
MIROC6,Subtropical Andes,mid_century,ssp370,2040,2069,360,-0.400984,0.0,-0.484274,-0.31049,-0.428219,0.0,-0.50905,-0.339902,-0.278074,0.0
MIROC6,Subtropical Andes,mid_century,ssp585,2040,2069,360,-0.388713,0.0,-0.473067,-0.297295,-0.414452,0.0,-0.496543,-0.325014,-0.280426,0.0
MIROC6,Subtropical Andes,end_century,ssp126,2070,2099,360,-0.334389,0.0,-0.423126,-0.239298,-0.374284,0.0,-0.459855,-0.281825,-0.233643,0.0
MIROC6,Subtropical Andes,end_century,ssp245,2070,2099,360,-0.442245,0.0,-0.521757,-0.355116,-0.434172,0.0,-0.514447,-0.346354,-0.316806,0.0
MIROC6,Subtropical Andes,end_century,ssp370,2070,2099,360,-0.453981,0.0,-0.532362,-0.367882,-0.469644,0.0,-0.546478,-0.384969,-0.315599,0.0
MIROC6,Subtropical Andes,end_century,ssp585,2070,2099,360,-0.438677,0.0,-0.518527,-0.351241,-0.445289,0.0,-0.52451,-0.358424,-0.30944,0.0
MPI-ESM1-2-HR,Central Amazonia,baseline,historical,1960,2014,660,-0.386644,0.0,-0.449692,-0.319763,-0.413127,0.0,-0.474484,-0.347775,-0.273965,0.0
MPI-ESM1-2-HR,Central Amazonia,recent,historical,1995,2014,240,-0.358395,0.0,-0.463969,-0.242784,-0.360604,0.0,-0.465956,-0.245169,-0.253038,0.0
MPI-ESM1-2-HR,Central Amazonia,mid_century,ssp126,2040,2069,360,-0.609322,0.0,-0.670458,-0.539968,-0.70249,0.0,-0.7513,-0.646038,-0.449106,0.0
MPI-ESM1-2-HR,Central Amazonia,mid_century,ssp245,2040,2069,360,-0.505023,0.0,-0.578203,-0.423783,-0.552814,0.0,-0.620709,-0.47669,-0.359969,0.0
MPI-ESM1-2-HR,Central Amazonia,mid_century,ssp370,2040,2069,360,-0.513574,0.0,-0.585837,-0.433209,-0.549893,0.0,-0.618122,-0.47344,-0.363572,0.0
MPI-ESM1-2-HR,Central Amazonia,mid_century,ssp585,2040,2069,360,-0.665162,0.0,-0.719085,-0.603277,-0.701461,0.0,-0.750414,-0.644854,-0.48897,0.0
MPI-ESM1-2-HR,Central Amazonia,end_century,ssp126,2070,2099,360,-0.488507,0.0,-0.56342,-0.405627,-0.582099,0.0,-0.64656,-0.509386,-0.359146,0.0
MPI-ESM1-2-HR,Central Amazonia,end_century,ssp245,2070,2099,360,-0.509906,0.0,-0.582564,-0.429163,-0.573929,0.0,-0.639363,-0.500243,-0.363838,0.0
MPI-ESM1-2-HR,Central Amazonia,end_century,ssp370,2070,2099,360,-0.635425,0.0,-0.693255,-0.569465,-0.667698,0.0,-0.721281,-0.606171,-0.461498,0.0
MPI-ESM1-2-HR,Central Amazonia,end_century,ssp585,2070,2099,360,-0.68076,0.0,-0.732575,-0.621102,-0.690187,0.0,-0.740707,-0.631904,-0.494232,0.0
MPI-ESM1-2-HR,Northern Tropics,baseline,historical,1960,2014,660,-0.445103,0.0,-0.50429,-0.381754,-0.463463,0.0,-0.52134,-0.401342,-0.308085,0.0
MPI-ESM1-2-HR,Northern Tropics,recent,historical,1995,2014,240,-0.597748,0.0,-0.673406,-0.509699,-0.601573,0.0,-0.676657,-0.514106,-0.431381,0.0
MPI-ESM1-2-HR,Northern Tropics,mid_century,ssp126,2040,2069,360,-0.639236,0.0,-0.696573,-0.573786,-0.634464,0.0,-0.692418,-0.568376,-0.457536,0.0
MPI-ESM1-2-HR,Northern Tropics,mid_century,ssp245,2040,2069,360,-0.480802,0.0,-0.556508,-0.397179,-0.506591,0.0,-0.579603,-0.42551,-0.338007,0.0
MPI-ESM1-2-HR,Northern Tropics,mid_century,ssp370,2040,2069,360,-0.465919,0.0,-0.543124,-0.3809,-0.472985,0.0,-0.549484,-0.388623,-0.327365,0.0
MPI-ESM1-2-HR,Northern Tropics,mid_century,ssp585,2040,2069,360,-0.679873,0.0,-0.731809,-0.620087,-0.703909,0.0,-0.752519,-0.64767,-0.490889,0.0
MPI-ESM1-2-HR,Northern Tropics,end_century,ssp126,2070,2099,360,-0.486648,0.0,-0.561753,-0.403587,-0.482867,0.0,-0.558361,-0.399441,-0.338817,0.0
MPI-ESM1-2-HR,Northern Tropics,end_century,ssp245,2070,2099,360,-0.527036,0.0,-0.597831,-0.448084,-0.547766,0.0,-0.616237,-0.471075,-0.375859,0.0
MPI-ESM1-2-HR,Northern Tropics,end_century,ssp370,2070,2099,360,-0.52196,0.0,-0.593312,-0.44247,-0.513241,0.0,-0.58554,-0.432841,-0.362426,0.0
MPI-ESM1-2-HR,Northern Tropics,end_century,ssp585,2070,2099,360,-0.516642,0.0,-0.588573,-0.436595,-0.537454,0.0,-0.607091,-0.459626,-0.360835,0.0
MPI-ESM1-2-HR,Southern Cone,baseline,historical,1960,2014,660,-0.164857,2.1e-05,-0.238177,-0.089668,-0.148298,0.000131,-0.222101,-0.072805,-0.110292,2.2e-05
MPI-ESM1-2-HR,Southern Cone,recent,historical,1995,2014,240,-0.222959,0.000502,-0.33999,-0.099128,-0.22676,0.000399,-0.343526,-0.10309,-0.146551,0.000723
MPI-ESM1-2-HR,Southern Cone,mid_century,ssp126,2040,2069,360,-0.192752,0.000234,-0.29033,-0.091207,-0.175686,0.000814,-0.274071,-0.073662,-0.127855,0.000293
MPI-ESM1-2-HR,Southern Cone,mid_century,ssp245,2040,2069,360,-0.270766,0.0,-0.363942,-0.172224,-0.261295,0.0,-0.355067,-0.162317,-0.180797,0.0
MPI-ESM1-2-HR,Southern Cone,mid_century,ssp370,2040,2069,360,-0.184605,0.00043,-0.282575,-0.082824,-0.19716,0.000167,-0.29452,-0.095749,-0.123151,0.000487
MPI-ESM1-2-HR,Southern Cone,mid_century,ssp585,2040,2069,360,-0.111684,0.034149,-0.212591,-0.008419,-0.109385,0.038038,-0.210368,-0.006092,-0.074807,0.034113
MPI-ESM1-2-HR,Southern Cone,end_century,ssp126,2070,2099,360,-0.068338,0.195792,-0.170496,0.035272,-0.074362,0.159141,-0.176368,0.029224,-0.045373,0.198762
MPI-ESM1-2-HR,Southern Cone,end_century,ssp245,2070,2099,360,-0.164007,0.001795,-0.262912,-0.061691,-0.145849,0.005563,-0.24551,-0.043138,-0.111251,0.001628
MPI-ESM1-2-HR,Southern Cone,end_century,ssp370,2070,2099,360,-0.169565,0.00124,-0.268225,-0.067384,-0.147163,0.005146,-0.246771,-0.044478,-0.118353,0.000802
MPI-ESM1-2-HR,Southern Cone,end_century,ssp585,2070,2099,360,-0.260237,1e-06,-0.354074,-0.161211,-0.284145,0.0,-0.37645,-0.186253,-0.176695,1e-06
MPI-ESM1-2-HR,Subtropical Andes,baseline,historical,1960,2014,660,-0.22896,0.0,-0.300035,-0.155358,-0.326452,0.0,-0.392979,-0.256527,-0.155778,0.0
MPI-ESM1-2-HR,Subtropical Andes,recent,historical,1995,2014,240,-0.138944,0.031419,-0.260982,-0.012535,-0.293412,4e-06,-0.404995,-0.173218,-0.092087,0.03364
MPI-ESM1-2-HR,Subtropical Andes,mid_century,ssp126,2040,2069,360,-0.418653,0.0,-0.500362,-0.329551,-0.527251,0.0,-0.598022,-0.448322,-0.289477,0.0
MPI-ESM1-2-HR,Subtropical Andes,mid_century,ssp245,2040,2069,360,-0.279098,0.0,-0.371736,-0.180957,-0.294331,0.0,-0.385951,-0.196961,-0.189649,0.0
MPI-ESM1-2-HR,Subtropical Andes,mid_century,ssp370,2040,2069,360,-0.432175,0.0,-0.512637,-0.344188,-0.558386,0.0,-0.625639,-0.482895,-0.298236,0.0
MPI-ESM1-2-HR,Subtropical Andes,mid_century,ssp585,2040,2069,360,-0.578094,0.0,-0.643033,-0.504902,-0.64421,0.0,-0.700901,-0.579431,-0.408047,0.0
MPI-ESM1-2-HR,Subtropical Andes,end_century,ssp126,2070,2099,360,-0.334589,0.0,-0.423311,-0.23951,-0.382842,0.0,-0.467696,-0.290995,-0.226263,0.0
MPI-ESM1-2-HR,Subtropical Andes,end_century,ssp245,2070,2099,360,-0.367406,0.0,-0.453544,-0.274467,-0.487392,0.0,-0.56242,-0.404403,-0.254875,0.0
MPI-ESM1-2-HR,Subtropical Andes,end_century,ssp370,2070,2099,360,-0.459649,0.0,-0.537475,-0.374059,-0.570905,0.0,-0.636695,-0.496862,-0.319963,0.0
MPI-ESM1-2-HR,Subtropical Andes,end_century,ssp585,2070,2099,360,-0.546955,0.0,-0.615519,-0.470175,-0.577992,0.0,-0.642943,-0.504788,-0.383256,0.0
